Codigo;Ubicacion;Fecha (AAAA-MM-DD);Hora (HHMM);Precipitacion (mm);Temperatura (oC);Humedad relativa (%);Radiacion (W/m2);Vel. viento (m/s);Dir. viento (o)
AV01;Nava de Arevalo;2001-01-13;0100;0.00;0.77;97.40;0.00;0.90;224.90
AV01;Nava de Arevalo;2001-01-13;0200;0.00;0.54;97.60;0.00;1.16;201.40
AV01;Nava de Arevalo;2001-01-13;0300;0.20;1.10;98.00;0.00;1.70;239.40
AV01;Nava de Arevalo;2001-01-13;0400;0.00;2.37;97.70;0.00;0.53;194.30
AV01;Nava de Arevalo;2001-01-13;0500;0.00;2.90;97.40;0.00;0.74;188.50
AV01;Nava de Arevalo;2001-01-13;0600;0.00;3.09;97.30;0.00;1.62;260.30
AV01;Nava de Arevalo;2001-01-13;0700;0.00;2.88;97.50;0.00;1.19;273.50
AV01;Nava de Arevalo;2001-01-13;0800;0.00;3.12;97.60;1.64;2.06;222.40
AV01;Nava de Arevalo;2001-01-13;0900;0.00;3.38;97.70;12.87;2.32;272.00
AV01;Nava de Arevalo;2001-01-13;1000;0.00;3.43;97.60;49.37;2.37;257.00
AV01;Nava de Arevalo;2001-01-13;1100;0.00;4.07;97.30;104.60;2.34;249.00
AV01;Nava de Arevalo;2001-01-13;1200;0.00;5.18;94.60;207.30;1.83;259.00
AV01;Nava de Arevalo;2001-01-13;1300;0.00;6.16;88.30;268.00;1.37;295.00
AV01;Nava de Arevalo;2001-01-13;1400;0.00;6.19;86.50;198.70;1.94;321.60
AV01;Nava de Arevalo;2001-01-13;1500;0.00;6.41;85.40;207.80;2.27;310.60
AV01;Nava de Arevalo;2001-01-13;1600;0.00;6.57;85.70;86.30;1.74;316.80
AV01;Nava de Arevalo;2001-01-13;1700;0.00;6.44;86.40;30.02;1.06;31.38
AV01;Nava de Arevalo;2001-01-13;1800;0.00;6.03;88.20;1.55;0.53;82.70
AV01;Nava de Arevalo;2001-01-13;1900;0.00;5.72;90.80;0.00;0.81;153.00
AV01;Nava de Arevalo;2001-01-13;2000;0.00;5.36;92.80;0.00;1.10;169.40
AV01;Nava de Arevalo;2001-01-13;2100;0.00;5.13;93.40;0.00;0.91;188.00
AV01;Nava de Arevalo;2001-01-13;2200;0.00;5.01;94.10;0.00;0.89;152.70
AV01;Nava de Arevalo;2001-01-13;2300;0.00;4.69;94.40;0.00;0.80;183.20
AV01;Nava de Arevalo;2001-01-13;2400;0.00;4.45;94.90;0.00;0.66;224.90
BU01;Miranda de Ebro;2001-01-13;0100;0.00;6.95;92.30;0.00;0.28;312.20
BU01;Miranda de Ebro;2001-01-13;0200;0.00;6.94;92.70;0.00;0.51;259.80
BU01;Miranda de Ebro;2001-01-13;0300;0.00;7.08;91.30;0.00;0.67;233.50
BU01;Miranda de Ebro;2001-01-13;0400;0.00;7.30;90.90;0.00;0.74;238.50
BU01;Miranda de Ebro;2001-01-13;0500;0.00;7.47;88.90;0.00;0.32;255.70
BU01;Miranda de Ebro;2001-01-13;0600;0.00;7.02;90.50;0.00;0.77;249.20
BU01;Miranda de Ebro;2001-01-13;0700;0.00;6.83;89.20;0.00;0.94;264.50
BU01;Miranda de Ebro;2001-01-13;0800;0.00;6.32;91.20;2.64;0.48;237.50
BU01;Miranda de Ebro;2001-01-13;0900;0.00;5.81;92.00;34.34;0.87;243.90
BU01;Miranda de Ebro;2001-01-13;1000;0.00;7.34;88.10;189.70;0.91;279.60
BU01;Miranda de Ebro;2001-01-13;1100;0.20;8.85;82.40;223.30;1.15;322.60
BU01;Miranda de Ebro;2001-01-13;1200;0.00;8.99;81.90;133.80;0.82;302.90
BU01;Miranda de Ebro;2001-01-13;1300;0.00;10.81;72.50;362.00;0.99;184.80
BU01;Miranda de Ebro;2001-01-13;1400;0.00;10.99;72.30;196.20;1.64;245.70
BU01;Miranda de Ebro;2001-01-13;1500;0.00;11.63;70.80;134.30;0.95;294.30
BU01;Miranda de Ebro;2001-01-13;1600;0.00;10.86;75.50;41.77;2.05;327.80
BU01;Miranda de Ebro;2001-01-13;1700;0.00;10.32;79.70;26.98;0.70;316.10
BU01;Miranda de Ebro;2001-01-13;1800;0.00;10.01;76.10;0.35;1.03;276.40
BU01;Miranda de Ebro;2001-01-13;1900;0.00;9.41;77.40;0.00;0.86;294.10
BU01;Miranda de Ebro;2001-01-13;2000;0.00;8.62;82.40;0.00;0.34;191.20
BU01;Miranda de Ebro;2001-01-13;2100;0.00;8.69;81.10;0.00;0.64;267.70
BU01;Miranda de Ebro;2001-01-13;2200;0.00;8.34;82.90;0.00;0.41;273.70
BU01;Miranda de Ebro;2001-01-13;2300;0.00;7.20;87.90;0.00;0.78;269.40
BU01;Miranda de Ebro;2001-01-13;2400;0.00;6.92;89.10;0.00;0.72;237.50
BU03;Lerma;2001-01-13;0100;0.00;0.87;95.00;0.00;0.38;77.40
BU03;Lerma;2001-01-13;0200;0.00;0.31;95.80;0.00;0.40;345.40
BU03;Lerma;2001-01-13;0300;0.00;0.25;96.30;0.00;0.23;46.49
BU03;Lerma;2001-01-13;0400;0.00;-0.14;96.50;0.00;0.47;74.50
BU03;Lerma;2001-01-13;0500;0.00;-0.35;96.60;0.00;0.26;118.90
BU03;Lerma;2001-01-13;0600;0.00;-0.75;96.90;0.00;0.13;76.10
BU03;Lerma;2001-01-13;0700;0.00;-0.18;97.10;0.00;0.44;94.10
BU03;Lerma;2001-01-13;0800;0.00;0.77;97.00;1.90;0.58;122.40
BU03;Lerma;2001-01-13;0900;0.20;1.79;96.90;39.74;0.25;104.50
BU03;Lerma;2001-01-13;1000;0.00;4.46;95.40;181.50;0.74;283.80
BU03;Lerma;2001-01-13;1100;0.00;6.59;85.40;270.40;1.35;292.20
BU03;Lerma;2001-01-13;1200;0.00;7.68;79.30;259.10;1.94;322.60
BU03;Lerma;2001-01-13;1300;0.00;7.64;83.00;220.10;2.37;296.40
BU03;Lerma;2001-01-13;1400;0.00;7.98;82.20;237.70;2.62;286.80
BU03;Lerma;2001-01-13;1500;0.00;8.26;77.70;237.80;3.09;299.50
BU03;Lerma;2001-01-13;1600;0.00;7.78;80.20;72.10;2.32;296.80
BU03;Lerma;2001-01-13;1700;0.00;7.33;83.40;22.43;1.81;288.10
BU03;Lerma;2001-01-13;1800;0.00;6.66;86.60;0.43;1.63;309.20
BU03;Lerma;2001-01-13;1900;0.00;5.74;87.70;0.00;0.91;319.70
BU03;Lerma;2001-01-13;2000;0.00;3.78;91.40;0.00;0.62;322.50
BU03;Lerma;2001-01-13;2100;0.00;3.61;91.50;0.00;0.76;324.50
BU03;Lerma;2001-01-13;2200;0.00;2.44;93.40;0.00;0.43;342.70
BU03;Lerma;2001-01-13;2300;0.00;3.34;94.30;0.00;0.52;324.60
BU03;Lerma;2001-01-13;2400;0.00;3.22;94.50;0.00;0.45;8.75
BU04;Tardajos;2001-01-13;0100;0.00;2.74;96.90;0.00;0.50;75.70
BU04;Tardajos;2001-01-13;0200;0.00;2.60;96.90;0.00;0.47;116.00
BU04;Tardajos;2001-01-13;0300;0.00;2.83;96.40;0.00;0.88;59.21
BU04;Tardajos;2001-01-13;0400;0.00;2.59;96.80;0.00;0.52;359.20
BU04;Tardajos;2001-01-13;0500;0.00;3.05;94.70;0.00;0.71;42.73
BU04;Tardajos;2001-01-13;0600;0.00;3.11;93.80;0.00;0.67;105.90
BU04;Tardajos;2001-01-13;0700;0.00;3.23;94.40;0.00;0.39;325.80
BU04;Tardajos;2001-01-13;0800;0.00;3.36;93.90;1.32;0.33;250.30
BU04;Tardajos;2001-01-13;0900;0.00;3.42;95.40;40.37;0.71;268.00
BU04;Tardajos;2001-01-13;1000;0.00;4.81;91.70;168.50;0.61;261.10
BU04;Tardajos;2001-01-13;1100;0.00;7.25;81.50;341.30;1.50;359.70
BU04;Tardajos;2001-01-13;1200;0.00;7.87;79.00;245.30;1.85;357.50
BU04;Tardajos;2001-01-13;1300;0.00;7.93;82.40;336.30;2.49;307.30
BU04;Tardajos;2001-01-13;1400;0.00;8.43;81.30;297.00;2.89;308.70
BU04;Tardajos;2001-01-13;1500;0.00;8.20;80.20;95.20;2.54;341.20
BU04;Tardajos;2001-01-13;1600;0.00;8.62;75.60;90.30;2.72;4.97
BU04;Tardajos;2001-01-13;1700;0.00;7.86;78.40;25.62;3.13;20.04
BU04;Tardajos;2001-01-13;1800;0.00;6.73;82.60;0.91;1.04;60.91
BU04;Tardajos;2001-01-13;1900;0.00;5.25;87.40;0.00;0.51;54.11
BU04;Tardajos;2001-01-13;2000;0.00;4.89;89.80;0.00;0.85;43.53
BU04;Tardajos;2001-01-13;2100;0.00;5.60;88.50;0.00;1.84;34.62
BU04;Tardajos;2001-01-13;2200;0.00;5.97;88.20;0.00;2.21;13.21
BU04;Tardajos;2001-01-13;2300;0.00;6.05;88.70;0.00;1.29;20.39
BU04;Tardajos;2001-01-13;2400;0.00;6.18;87.70;0.00;1.64;24.10
BU05;Vadocondes;2001-01-13;0100;0.00;2.01;98.60;0.00;0.49;248.90
BU05;Vadocondes;2001-01-13;0200;0.00;2.70;98.30;0.00;0.42;349.10
BU05;Vadocondes;2001-01-13;0300;0.00;2.85;98.10;0.00;0.60;286.90
BU05;Vadocondes;2001-01-13;0400;0.00;3.16;97.60;0.00;0.48;298.00
BU05;Vadocondes;2001-01-13;0500;0.00;3.26;96.50;0.00;1.15;288.60
BU05;Vadocondes;2001-01-13;0600;0.00;3.35;95.70;0.00;0.42;254.00
BU05;Vadocondes;2001-01-13;0700;0.00;2.87;97.30;0.00;1.69;289.00
BU05;Vadocondes;2001-01-13;0800;0.00;2.73;98.20;1.99;1.76;255.60
BU05;Vadocondes;2001-01-13;0900;0.00;3.16;98.40;24.66;2.16;246.50
BU05;Vadocondes;2001-01-13;1000;0.00;3.93;96.70;82.90;2.66;234.30
BU05;Vadocondes;2001-01-13;1100;0.00;4.76;93.20;176.80;3.06;249.80
BU05;Vadocondes;2001-01-13;1200;0.00;5.44;89.40;193.80;2.27;284.90
BU05;Vadocondes;2001-01-13;1300;0.00;6.27;87.50;206.60;2.59;280.50
BU05;Vadocondes;2001-01-13;1400;0.00;7.09;86.50;256.00;3.24;289.40
BU05;Vadocondes;2001-01-13;1500;0.00;7.79;85.10;300.50;3.34;274.10
BU05;Vadocondes;2001-01-13;1600;0.00;7.56;86.00;62.20;3.09;262.50
BU05;Vadocondes;2001-01-13;1700;0.00;7.16;87.60;20.78;2.82;247.60
BU05;Vadocondes;2001-01-13;1800;0.00;6.56;89.10;0.52;2.36;248.10
BU05;Vadocondes;2001-01-13;1900;0.20;6.06;90.30;0.00;1.21;329.90
BU05;Vadocondes;2001-01-13;2000;0.00;5.62;92.10;0.00;1.07;257.30
BU05;Vadocondes;2001-01-13;2100;0.00;5.40;93.20;0.00;1.28;267.30
BU05;Vadocondes;2001-01-13;2200;0.00;4.69;94.10;0.00;1.32;264.80
BU05;Vadocondes;2001-01-13;2300;0.00;3.67;94.70;0.00;0.87;289.30
BU05;Vadocondes;2001-01-13;2400;0.00;2.57;96.90;0.00;0.29;181.90
LE01;Carracedelo;2001-01-13;0100;0.00;1.57;96.30;0.00;0.52;31.62
LE01;Carracedelo;2001-01-13;0200;0.00;1.17;96.70;0.00;0.52;36.63
LE01;Carracedelo;2001-01-13;0300;0.00;0.27;97.10;0.00;0.33;24.81
LE01;Carracedelo;2001-01-13;0400;0.00;0.06;97.30;0.00;0.35;64.03
LE01;Carracedelo;2001-01-13;0500;0.00;0.23;97.50;0.00;0.35;17.44
LE01;Carracedelo;2001-01-13;0600;0.00;0.16;97.60;0.00;0.34;346.40
LE01;Carracedelo;2001-01-13;0700;0.00;0.12;97.70;0.00;0.45;7.44
LE01;Carracedelo;2001-01-13;0800;0.20;0.90;97.70;0.27;0.37;228.10
LE01;Carracedelo;2001-01-13;0900;0.00;1.76;97.60;9.84;0.50;0.77
LE01;Carracedelo;2001-01-13;1000;0.00;2.68;97.40;50.25;0.29;296.20
LE01;Carracedelo;2001-01-13;1100;0.00;3.74;97.10;83.80;0.30;26.29
LE01;Carracedelo;2001-01-13;1200;0.00;4.81;96.20;118.70;0.32;82.70
LE01;Carracedelo;2001-01-13;1300;0.00;6.02;91.40;151.10;0.30;230.70
LE01;Carracedelo;2001-01-13;1400;0.00;7.50;85.60;155.60;0.37;337.00
LE01;Carracedelo;2001-01-13;1500;0.00;8.08;85.90;114.90;0.84;95.40
LE01;Carracedelo;2001-01-13;1600;0.00;8.84;83.50;77.60;0.93;119.10
LE01;Carracedelo;2001-01-13;1700;0.00;8.22;87.60;26.71;0.69;7.48
LE01;Carracedelo;2001-01-13;1800;0.00;7.61;89.30;1.30;0.55;53.71
LE01;Carracedelo;2001-01-13;1900;0.00;7.26;91.60;0.00;0.36;26.69
LE01;Carracedelo;2001-01-13;2000;0.00;6.42;92.60;0.00;0.60;15.00
LE01;Carracedelo;2001-01-13;2100;0.00;5.56;94.30;0.00;0.53;14.72
LE01;Carracedelo;2001-01-13;2200;0.00;5.69;94.70;0.00;0.33;34.38
LE01;Carracedelo;2001-01-13;2300;0.00;5.40;95.00;0.00;0.30;19.05
LE01;Carracedelo;2001-01-13;2400;0.00;4.84;95.60;0.00;0.22;38.10
LE02;Mansilla mayor;2001-01-13;0100;0.00;2.25;88.20;0.00;0.79;299.20
LE02;Mansilla mayor;2001-01-13;0200;0.00;0.88;93.60;0.00;0.72;273.30
LE02;Mansilla mayor;2001-01-13;0300;0.00;0.56;94.20;0.00;0.82;285.40
LE02;Mansilla mayor;2001-01-13;0400;0.00;0.20;94.70;0.00;0.49;300.30
LE02;Mansilla mayor;2001-01-13;0500;0.00;-0.11;94.90;0.00;0.63;242.10
LE02;Mansilla mayor;2001-01-13;0600;0.00;-0.84;96.70;0.00;0.37;252.40
LE02;Mansilla mayor;2001-01-13;0700;0.00;-1.49;97.70;0.00;0.07;15.25
LE02;Mansilla mayor;2001-01-13;0800;0.00;-0.44;98.30;0.96;0.39;199.50
LE02;Mansilla mayor;2001-01-13;0900;0.00;0.52;98.20;23.64;0.30;30.47
LE02;Mansilla mayor;2001-01-13;1000;0.00;2.41;95.90;156.70;0.79;43.00
LE02;Mansilla mayor;2001-01-13;1100;0.00;4.56;88.10;162.10;0.52;190.40
LE02;Mansilla mayor;2001-01-13;1200;0.00;5.64;85.60;133.40;0.72;227.80
LE02;Mansilla mayor;2001-01-13;1300;0.00;7.72;80.70;227.70;0.64;247.30
LE02;Mansilla mayor;2001-01-13;1400;0.00;8.68;79.10;196.60;0.83;278.70
LE02;Mansilla mayor;2001-01-13;1500;0.00;9.09;77.70;147.10;0.91;266.80
LE02;Mansilla mayor;2001-01-13;1600;0.00;8.94;77.00;89.20;0.48;251.90
LE02;Mansilla mayor;2001-01-13;1700;0.00;10.04;68.23;93.60;0.45;264.80
LE02;Mansilla mayor;2001-01-13;1800;0.00;7.51;76.60;2.67;0.33;301.20
LE02;Mansilla mayor;2001-01-13;1900;0.00;5.11;88.40;0.00;0.20;36.36
LE02;Mansilla mayor;2001-01-13;2000;0.00;4.98;91.50;0.00;0.53;219.90
LE02;Mansilla mayor;2001-01-13;2100;0.00;5.00;90.90;0.00;0.41;231.60
LE02;Mansilla mayor;2001-01-13;2200;0.00;4.34;93.10;0.00;0.30;166.80
LE02;Mansilla mayor;2001-01-13;2300;0.00;4.31;94.30;0.00;0.32;197.40
LE02;Mansilla mayor;2001-01-13;2400;0.00;4.13;94.30;0.00;0.44;310.20
LE03;Cubillas de los Oteros;2001-01-13;0100;0.00;1.09;94.30;0.00;0.45;6.13
LE03;Cubillas de los Oteros;2001-01-13;0200;0.00;0.59;95.20;0.00;0.65;40.81
LE03;Cubillas de los Oteros;2001-01-13;0300;0.00;0.38;95.40;0.00;0.33;65.51
LE03;Cubillas de los Oteros;2001-01-13;0400;0.00;-0.40;95.70;0.00;0.47;34.20
LE03;Cubillas de los Oteros;2001-01-13;0500;0.00;-0.46;96.30;0.00;0.42;109.70
LE03;Cubillas de los Oteros;2001-01-13;0600;0.00;-0.12;96.20;0.00;0.32;114.60
LE03;Cubillas de los Oteros;2001-01-13;0700;0.00;-0.64;96.00;0.00;0.32;99.00
LE03;Cubillas de los Oteros;2001-01-13;0800;0.00;-0.63;96.20;0.92;0.12;101.20
LE03;Cubillas de los Oteros;2001-01-13;0900;0.20;0.98;96.50;18.31;0.12;222.30
LE03;Cubillas de los Oteros;2001-01-13;1000;0.00;2.69;96.10;78.70;0.36;197.10
LE03;Cubillas de los Oteros;2001-01-13;1100;0.00;4.25;90.50;102.90;1.17;214.70
LE03;Cubillas de los Oteros;2001-01-13;1200;0.00;5.83;86.40;174.10;0.81;245.60
LE03;Cubillas de los Oteros;2001-01-13;1300;0.00;8.50;74.70;374.30;1.35;301.10
LE03;Cubillas de los Oteros;2001-01-13;1400;0.00;9.15;72.90;251.90;1.97;314.50
LE03;Cubillas de los Oteros;2001-01-13;1500;0.00;9.24;74.20;131.60;1.59;318.00
LE03;Cubillas de los Oteros;2001-01-13;1600;0.00;9.46;72.50;132.40;1.21;323.30
LE03;Cubillas de los Oteros;2001-01-13;1700;0.00;9.59;68.48;71.70;0.54;311.00
LE03;Cubillas de los Oteros;2001-01-13;1800;0.00;7.54;78.10;3.59;0.92;302.50
LE03;Cubillas de los Oteros;2001-01-13;1900;0.00;5.87;85.70;0.00;0.89;306.30
LE03;Cubillas de los Oteros;2001-01-13;2000;0.00;5.49;88.30;0.00;0.77;304.00
LE03;Cubillas de los Oteros;2001-01-13;2100;0.00;5.71;87.20;0.00;0.53;312.30
LE03;Cubillas de los Oteros;2001-01-13;2200;0.00;5.61;87.90;0.00;0.11;304.00
LE03;Cubillas de los Oteros;2001-01-13;2300;0.00;5.24;89.90;0.00;0.35;355.30
LE03;Cubillas de los Oteros;2001-01-13;2400;0.00;5.00;90.70;0.00;0.28;5.21
LE04;Zotes del Paramo;2001-01-13;0100;0.00;2.39;91.30;0.00;1.53;341.20
LE04;Zotes del Paramo;2001-01-13;0200;0.00;1.78;90.90;0.00;1.34;347.50
LE04;Zotes del Paramo;2001-01-13;0300;0.00;1.04;92.40;0.00;1.11;2.02
LE04;Zotes del Paramo;2001-01-13;0400;0.00;0.85;91.60;0.00;1.28;357.50
LE04;Zotes del Paramo;2001-01-13;0500;0.00;0.78;92.90;0.00;1.31;340.40
LE04;Zotes del Paramo;2001-01-13;0600;0.00;0.50;93.60;0.00;1.16;344.90
LE04;Zotes del Paramo;2001-01-13;0700;0.00;0.24;93.90;0.00;1.23;355.60
LE04;Zotes del Paramo;2001-01-13;0800;0.00;0.98;93.30;2.12;1.01;346.40
LE04;Zotes del Paramo;2001-01-13;0900;0.00;2.30;92.60;23.90;0.66;348.90
LE04;Zotes del Paramo;2001-01-13;1000;0.00;2.97;92.60;68.02;0.68;215.70
LE04;Zotes del Paramo;2001-01-13;1100;0.00;3.83;92.30;75.80;0.73;219.60
LE04;Zotes del Paramo;2001-01-13;1200;0.00;5.21;90.40;126.10;0.25;271.50
LE04;Zotes del Paramo;2001-01-13;1300;0.00;6.60;88.20;127.80;0.36;298.60
LE04;Zotes del Paramo;2001-01-13;1400;0.00;8.27;81.90;154.90;0.71;335.50
LE04;Zotes del Paramo;2001-01-13;1500;0.00;9.16;73.20;118.50;2.60;357.30
LE04;Zotes del Paramo;2001-01-13;1600;0.00;8.92;75.30;109.50;2.66;350.70
LE04;Zotes del Paramo;2001-01-13;1700;0.00;8.55;75.60;88.50;2.86;344.50
LE04;Zotes del Paramo;2001-01-13;1800;0.00;6.11;83.90;2.74;1.34;329.30
LE04;Zotes del Paramo;2001-01-13;1900;0.00;4.46;88.50;0.00;1.48;343.90
LE04;Zotes del Paramo;2001-01-13;2000;0.00;3.49;91.00;0.00;1.22;340.40
LE04;Zotes del Paramo;2001-01-13;2100;0.00;4.29;91.20;0.00;1.57;348.50
LE04;Zotes del Paramo;2001-01-13;2200;0.00;4.22;91.40;0.00;1.05;334.20
LE04;Zotes del Paramo;2001-01-13;2300;0.00;4.13;92.00;0.00;1.06;345.30
LE04;Zotes del Paramo;2001-01-13;2400;0.00;4.37;92.10;0.00;1.19;349.90
LE05;Quintana del Marco;2001-01-13;0100;0.00;2.48;92.80;0.00;1.31;329.90
LE05;Quintana del Marco;2001-01-13;0200;0.00;1.67;92.50;0.00;1.12;351.90
LE05;Quintana del Marco;2001-01-13;0300;0.00;0.74;94.00;0.00;0.88;305.80
LE05;Quintana del Marco;2001-01-13;0400;0.00;0.69;94.00;0.00;1.02;323.10
LE05;Quintana del Marco;2001-01-13;0500;0.00;0.51;93.60;0.00;1.24;357.30
LE05;Quintana del Marco;2001-01-13;0600;0.00;0.21;94.40;0.00;0.74;356.50
LE05;Quintana del Marco;2001-01-13;0700;0.00;0.51;93.90;0.00;1.05;319.40
LE05;Quintana del Marco;2001-01-13;0800;0.00;0.59;92.70;2.11;0.30;285.40
LE05;Quintana del Marco;2001-01-13;0900;0.00;1.00;93.60;28.01;0.25;170.00
LE05;Quintana del Marco;2001-01-13;1000;0.00;2.62;93.60;68.98;0.57;138.80
LE05;Quintana del Marco;2001-01-13;1100;0.00;3.91;90.10;97.60;0.68;165.20
LE05;Quintana del Marco;2001-01-13;1200;0.00;5.73;85.00;146.70;0.57;268.30
LE05;Quintana del Marco;2001-01-13;1300;0.00;7.05;83.40;124.40;0.98;352.20
LE05;Quintana del Marco;2001-01-13;1400;0.00;9.45;73.20;153.00;2.26;321.80
LE05;Quintana del Marco;2001-01-13;1500;0.00;9.93;70.40;128.20;2.61;327.40
LE05;Quintana del Marco;2001-01-13;1600;0.00;9.62;73.50;88.70;1.76;335.50
LE05;Quintana del Marco;2001-01-13;1700;0.00;9.12;73.80;90.90;1.97;317.10
LE05;Quintana del Marco;2001-01-13;1800;0.00;6.23;82.90;2.31;1.12;318.40
LE05;Quintana del Marco;2001-01-13;1900;0.00;4.67;87.30;0.00;0.98;331.70
LE05;Quintana del Marco;2001-01-13;2000;0.00;4.03;89.60;0.00;1.06;314.70
LE05;Quintana del Marco;2001-01-13;2100;0.00;4.80;88.10;0.00;1.19;330.70
LE05;Quintana del Marco;2001-01-13;2200;0.00;4.00;90.40;0.00;0.46;334.70
LE05;Quintana del Marco;2001-01-13;2300;0.00;3.97;91.20;0.00;0.46;351.00
LE05;Quintana del Marco;2001-01-13;2400;0.00;4.14;91.10;0.00;0.42;316.70
LE06;Hospital de Orbigo;2001-01-13;0100;0.00;1.95;90.60;0.00;0.66;21.28
LE06;Hospital de Orbigo;2001-01-13;0200;0.00;1.46;91.00;0.00;1.14;5.26
LE06;Hospital de Orbigo;2001-01-13;0300;0.00;2.08;89.70;0.00;1.19;332.90
LE06;Hospital de Orbigo;2001-01-13;0400;0.00;1.57;91.30;0.00;0.69;15.32
LE06;Hospital de Orbigo;2001-01-13;0500;0.00;2.71;86.60;0.00;1.14;331.40
LE06;Hospital de Orbigo;2001-01-13;0600;0.00;3.10;85.10;0.00;1.79;330.90
LE06;Hospital de Orbigo;2001-01-13;0700;0.00;3.10;85.70;0.00;1.47;326.70
LE06;Hospital de Orbigo;2001-01-13;0800;0.00;3.01;88.00;2.83;0.67;10.48
LE06;Hospital de Orbigo;2001-01-13;0900;0.00;3.78;88.60;54.44;0.73;117.80
LE06;Hospital de Orbigo;2001-01-13;1000;0.00;5.69;83.70;155.10;3.23;317.80
LE06;Hospital de Orbigo;2001-01-13;1100;0.00;6.40;83.00;176.10;3.46;309.00
LE06;Hospital de Orbigo;2001-01-13;1200;0.00;7.52;80.10;242.30;3.88;302.50
LE06;Hospital de Orbigo;2001-01-13;1300;0.00;8.43;76.60;192.40;3.35;309.40
LE06;Hospital de Orbigo;2001-01-13;1400;0.00;8.43;77.00;185.90;3.70;313.20
LE06;Hospital de Orbigo;2001-01-13;1500;0.00;8.43;76.30;151.00;3.93;315.80
LE06;Hospital de Orbigo;2001-01-13;1600;0.00;8.47;77.70;237.60;3.68;302.30
LE06;Hospital de Orbigo;2001-01-13;1700;0.00;8.12;77.20;64.43;2.95;297.10
LE06;Hospital de Orbigo;2001-01-13;1800;0.00;6.32;84.00;2.73;2.82;302.80
LE06;Hospital de Orbigo;2001-01-13;1900;0.00;5.24;87.30;0.00;3.12;301.80
LE06;Hospital de Orbigo;2001-01-13;2000;0.00;5.20;87.80;0.00;3.25;297.60
LE06;Hospital de Orbigo;2001-01-13;2100;0.00;5.42;87.20;0.00;3.29;293.80
LE06;Hospital de Orbigo;2001-01-13;2200;0.00;5.39;87.20;0.00;2.86;300.50
LE06;Hospital de Orbigo;2001-01-13;2300;0.00;4.76;89.70;0.00;2.04;317.80
LE06;Hospital de Orbigo;2001-01-13;2400;0.00;4.98;88.70;0.00;2.65;313.60
LE07;Bustillo del Paramo;2001-01-13;0100;0.00;1.15;92.10;0.00;1.12;334.80
LE07;Bustillo del Paramo;2001-01-13;0200;0.00;1.13;91.10;0.00;1.66;325.70
LE07;Bustillo del Paramo;2001-01-13;0300;0.00;0.82;90.40;0.00;1.27;328.70
LE07;Bustillo del Paramo;2001-01-13;0400;0.00;-0.04;92.10;0.00;1.00;302.70
LE07;Bustillo del Paramo;2001-01-13;0500;0.00;0.06;92.30;0.00;1.25;305.80
LE07;Bustillo del Paramo;2001-01-13;0600;0.00;0.77;92.40;0.00;1.39;312.40
LE07;Bustillo del Paramo;2001-01-13;0700;0.00;0.47;92.80;0.00;1.43;313.90
LE07;Bustillo del Paramo;2001-01-13;0800;0.00;1.71;90.30;1.40;1.76;317.70
LE07;Bustillo del Paramo;2001-01-13;0900;0.00;3.27;89.90;23.46;1.92;309.90
LE07;Bustillo del Paramo;2001-01-13;1000;0.00;4.93;87.80;82.90;2.58;304.50
LE07;Bustillo del Paramo;2001-01-13;1100;0.00;6.13;84.70;171.10;3.59;303.10
LE07;Bustillo del Paramo;2001-01-13;1200;0.00;7.26;81.40;230.50;3.45;298.90
LE07;Bustillo del Paramo;2001-01-13;1300;0.00;7.79;80.70;240.40;3.55;306.60
LE07;Bustillo del Paramo;2001-01-13;1400;0.00;7.95;81.00;225.50;3.94;299.10
LE07;Bustillo del Paramo;2001-01-13;1500;0.00;7.99;81.00;180.10;3.33;305.90
LE07;Bustillo del Paramo;2001-01-13;1600;0.00;8.72;76.10;232.60;2.88;296.70
LE07;Bustillo del Paramo;2001-01-13;1700;0.00;8.07;76.70;91.50;2.64;285.00
LE07;Bustillo del Paramo;2001-01-13;1800;0.00;5.81;85.30;4.03;1.77;288.50
LE07;Bustillo del Paramo;2001-01-13;1900;0.00;4.12;89.70;0.01;1.71;295.50
LE07;Bustillo del Paramo;2001-01-13;2000;0.00;3.92;92.70;0.00;1.57;295.40
LE07;Bustillo del Paramo;2001-01-13;2100;0.00;4.59;91.90;0.01;2.22;300.60
LE07;Bustillo del Paramo;2001-01-13;2200;0.00;4.59;91.80;0.02;1.61;298.50
LE07;Bustillo del Paramo;2001-01-13;2300;0.00;4.65;92.10;0.01;2.03;302.80
LE07;Bustillo del Paramo;2001-01-13;2400;0.00;4.40;92.10;0.02;1.98;302.50
LE08;Sahagun;2001-01-13;0100;0.00;3.00;90.20;0.00;3.00;338.50
LE08;Sahagun;2001-01-13;0200;0.00;2.76;89.70;0.00;3.42;336.20
LE08;Sahagun;2001-01-13;0300;0.00;2.79;88.20;0.00;2.99;344.10
LE08;Sahagun;2001-01-13;0400;0.00;2.45;88.80;0.00;1.54;341.50
LE08;Sahagun;2001-01-13;0500;0.00;2.14;90.30;0.00;1.05;331.10
LE08;Sahagun;2001-01-13;0600;0.00;1.74;91.70;0.00;1.07;99.10
LE08;Sahagun;2001-01-13;0700;0.00;1.95;88.50;0.00;0.55;153.90
LE08;Sahagun;2001-01-13;0800;0.00;1.71;91.50;0.57;1.30;303.80
LE08;Sahagun;2001-01-13;0900;0.00;2.18;91.60;11.88;1.07;329.80
LE08;Sahagun;2001-01-13;1000;0.00;3.26;89.70;117.30;0.72;72.50
LE08;Sahagun;2001-01-13;1100;0.00;6.17;76.60;390.10;0.94;152.20
LE08;Sahagun;2001-01-13;1200;0.00;7.34;73.20;316.60;0.90;224.80
LE08;Sahagun;2001-01-13;1300;0.00;7.18;73.60;271.40;1.44;317.90
LE08;Sahagun;2001-01-13;1400;0.00;8.11;76.00;305.50;2.25;331.70
LE08;Sahagun;2001-01-13;1500;0.00;8.67;75.00;148.10;2.77;317.70
LE08;Sahagun;2001-01-13;1600;0.00;8.53;76.30;147.20;3.04;320.70
LE08;Sahagun;2001-01-13;1700;0.00;8.21;78.50;32.43;1.86;323.30
LE08;Sahagun;2001-01-13;1800;0.00;7.52;82.00;1.99;0.70;312.90
LE08;Sahagun;2001-01-13;1900;0.00;7.11;83.90;0.00;0.91;309.50
LE08;Sahagun;2001-01-13;2000;0.00;6.80;83.90;0.00;1.48;321.80
LE08;Sahagun;2001-01-13;2100;0.00;6.57;84.30;0.00;2.17;337.90
LE08;Sahagun;2001-01-13;2200;0.00;6.23;86.50;0.00;1.39;339.90
LE08;Sahagun;2001-01-13;2300;0.00;5.81;88.50;0.00;1.09;343.40
LE08;Sahagun;2001-01-13;2400;0.00;5.21;90.00;0.00;0.57;11.64
LE09;Santas Martas;2001-01-13;0100;0.00;2.26;88.60;0.00;1.67;359.80
LE09;Santas Martas;2001-01-13;0200;0.00;2.07;88.50;0.00;1.37;336.50
LE09;Santas Martas;2001-01-13;0300;0.00;1.82;89.00;0.00;1.40;336.30
LE09;Santas Martas;2001-01-13;0400;0.00;1.70;88.20;0.00;1.35;338.90
LE09;Santas Martas;2001-01-13;0500;0.00;1.28;89.50;0.00;1.32;333.20
LE09;Santas Martas;2001-01-13;0600;0.00;1.12;89.00;0.00;0.92;343.40
LE09;Santas Martas;2001-01-13;0700;0.00;0.22;91.20;0.00;0.64;211.10
LE09;Santas Martas;2001-01-13;0800;0.00;1.31;89.80;0.98;0.77;132.30
LE09;Santas Martas;2001-01-13;0900;0.00;2.04;90.30;15.17;1.06;79.00
LE09;Santas Martas;2001-01-13;1000;0.00;3.38;88.50;83.20;0.57;290.40
LE09;Santas Martas;2001-01-13;1100;0.00;4.69;84.30;119.30;0.94;274.90
LE09;Santas Martas;2001-01-13;1200;0.00;5.31;84.60;117.60;2.01;279.60
LE09;Santas Martas;2001-01-13;1300;0.00;5.69;83.80;168.60;1.33;307.40
LE09;Santas Martas;2001-01-13;1400;0.00;7.28;79.60;286.50;2.04;305.40
LE09;Santas Martas;2001-01-13;1500;0.00;7.68;79.60;154.90;2.02;294.30
LE09;Santas Martas;2001-01-13;1600;0.00;8.19;78.40;148.60;2.42;300.30
LE09;Santas Martas;2001-01-13;1700;0.00;8.49;77.50;98.70;2.15;281.50
LE09;Santas Martas;2001-01-13;1800;0.00;7.41;78.40;2.50;1.48;285.70
LE09;Santas Martas;2001-01-13;1900;0.00;6.57;82.50;0.00;1.50;316.60
LE09;Santas Martas;2001-01-13;2000;0.00;6.05;84.60;0.00;1.13;312.90
LE09;Santas Martas;2001-01-13;2100;0.00;5.52;86.60;0.00;0.85;292.40
LE09;Santas Martas;2001-01-13;2200;0.00;5.17;87.90;0.00;0.73;293.50
LE09;Santas Martas;2001-01-13;2300;0.00;4.70;90.20;0.00;0.53;280.00
LE09;Santas Martas;2001-01-13;2400;0.00;4.22;91.60;0.00;0.88;318.30
P01;Torquemada;2001-01-13;0100;0.00;2.35;94.20;0.00;0.44;246.30
P01;Torquemada;2001-01-13;0200;0.00;1.70;95.10;0.00;0.46;299.80
P01;Torquemada;2001-01-13;0300;0.00;0.93;96.00;0.00;0.50;254.50
P01;Torquemada;2001-01-13;0400;0.00;0.99;96.30;0.00;0.38;261.80
P01;Torquemada;2001-01-13;0500;0.00;0.60;96.50;0.00;0.52;254.00
P01;Torquemada;2001-01-13;0600;0.00;1.31;96.70;0.00;0.34;154.60
P01;Torquemada;2001-01-13;0700;0.00;1.97;96.30;0.00;0.56;13.43
P01;Torquemada;2001-01-13;0800;0.00;2.08;96.40;1.61;0.27;279.10
P01;Torquemada;2001-01-13;0900;0.00;2.44;96.30;41.43;0.46;267.40
P01;Torquemada;2001-01-13;1000;0.00;4.71;94.20;192.40;0.84;213.40
P01;Torquemada;2001-01-13;1100;0.00;6.48;87.50;222.20;1.06;195.70
P01;Torquemada;2001-01-13;1200;0.00;6.98;85.10;260.90;0.98;81.50
P01;Torquemada;2001-01-13;1300;0.00;8.46;76.90;268.90;0.58;112.50
P01;Torquemada;2001-01-13;1400;0.00;8.96;77.30;294.60;1.12;211.60
P01;Torquemada;2001-01-13;1500;0.00;9.60;69.77;249.80;1.26;281.40
P01;Torquemada;2001-01-13;1600;0.00;9.48;70.10;110.30;0.88;296.60
P01;Torquemada;2001-01-13;1700;0.00;8.84;76.60;25.32;0.69;302.20
P01;Torquemada;2001-01-13;1800;0.00;7.77;85.50;1.03;0.48;252.50
P01;Torquemada;2001-01-13;1900;0.00;6.33;89.60;0.00;0.69;280.90
P01;Torquemada;2001-01-13;2000;0.00;6.08;90.10;0.00;0.61;6.08
P01;Torquemada;2001-01-13;2100;0.00;5.89;91.00;0.00;0.37;81.90
P01;Torquemada;2001-01-13;2200;0.00;5.59;91.40;0.00;0.44;284.00
P01;Torquemada;2001-01-13;2300;0.20;5.48;92.10;0.00;0.28;221.70
P01;Torquemada;2001-01-13;2400;0.20;5.48;93.20;0.00;0.46;251.60
P02;Villamuriel de Cerrato;2001-01-13;0100;0.00;2.67;94.60;0.01;0.69;71.40
P02;Villamuriel de Cerrato;2001-01-13;0200;0.00;1.85;95.60;0.00;1.04;44.91
P02;Villamuriel de Cerrato;2001-01-13;0300;0.00;1.67;95.70;0.00;0.62;27.90
P02;Villamuriel de Cerrato;2001-01-13;0400;0.00;1.38;96.30;0.00;0.72;61.43
P02;Villamuriel de Cerrato;2001-01-13;0500;0.00;1.72;96.20;0.01;0.52;343.90
P02;Villamuriel de Cerrato;2001-01-13;0600;0.00;2.56;95.90;0.02;0.80;45.06
P02;Villamuriel de Cerrato;2001-01-13;0700;0.00;2.76;95.20;0.01;0.65;43.98
P02;Villamuriel de Cerrato;2001-01-13;0800;0.00;3.07;94.60;0.93;0.77;25.64
P02;Villamuriel de Cerrato;2001-01-13;0900;0.00;2.91;94.20;40.30;0.41;98.00
P02;Villamuriel de Cerrato;2001-01-13;1000;0.00;3.92;93.80;84.20;0.48;319.40
P02;Villamuriel de Cerrato;2001-01-13;1100;0.00;5.07;91.00;166.80;1.05;314.50
P02;Villamuriel de Cerrato;2001-01-13;1200;0.00;6.83;85.30;308.50;0.86;20.89
P02;Villamuriel de Cerrato;2001-01-13;1300;0.00;8.09;80.10;382.80;0.79;41.39
P02;Villamuriel de Cerrato;2001-01-13;1400;0.00;8.94;75.50;264.60;0.53;106.60
P02;Villamuriel de Cerrato;2001-01-13;1500;0.00;9.79;71.80;303.00;0.96;2.76
P02;Villamuriel de Cerrato;2001-01-13;1600;0.00;9.93;69.38;256.70;1.40;302.70
P02;Villamuriel de Cerrato;2001-01-13;1700;0.00;8.99;72.30;38.89;0.64;284.10
P02;Villamuriel de Cerrato;2001-01-13;1800;0.00;7.72;82.00;2.09;0.66;204.10
P02;Villamuriel de Cerrato;2001-01-13;1900;0.00;6.72;87.70;0.00;0.89;203.40
P02;Villamuriel de Cerrato;2001-01-13;2000;0.00;5.83;91.60;0.00;0.86;196.50
P02;Villamuriel de Cerrato;2001-01-13;2100;0.00;5.64;93.60;0.00;0.37;211.90
P02;Villamuriel de Cerrato;2001-01-13;2200;0.00;5.69;94.20;0.00;0.64;170.70
P02;Villamuriel de Cerrato;2001-01-13;2300;0.00;5.61;94.20;0.00;0.28;217.60
P02;Villamuriel de Cerrato;2001-01-13;2400;0.20;5.40;94.90;0.00;0.14;164.70
P03;Fuentes de Nava;2001-01-13;0100;0.00;2.16;94.30;0.00;0.79;128.90
P03;Fuentes de Nava;2001-01-13;0200;0.00;1.55;95.20;0.00;0.25;116.70
P03;Fuentes de Nava;2001-01-13;0300;0.00;1.28;96.00;0.00;0.50;300.60
P03;Fuentes de Nava;2001-01-13;0400;0.00;0.97;96.40;0.00;0.27;54.13
P03;Fuentes de Nava;2001-01-13;0500;0.00;1.64;96.30;0.00;0.32;133.30
P03;Fuentes de Nava;2001-01-13;0600;0.00;1.98;96.40;0.00;0.16;25.82
P03;Fuentes de Nava;2001-01-13;0700;0.00;2.62;96.10;0.00;0.68;327.10
P03;Fuentes de Nava;2001-01-13;0800;0.00;2.49;95.80;2.55;0.41;194.20
P03;Fuentes de Nava;2001-01-13;0900;0.00;2.32;96.10;47.19;0.93;216.50
P03;Fuentes de Nava;2001-01-13;1000;0.00;3.32;94.50;47.81;1.04;323.40
P03;Fuentes de Nava;2001-01-13;1100;0.00;4.75;90.70;153.70;0.85;286.70
P03;Fuentes de Nava;2001-01-13;1200;0.00;7.04;83.20;364.90;0.76;281.90
P03;Fuentes de Nava;2001-01-13;1300;0.00;8.51;79.00;459.20;1.22;260.00
P03;Fuentes de Nava;2001-01-13;1400;0.00;9.24;74.00;348.40;1.13;275.10
P03;Fuentes de Nava;2001-01-13;1500;0.00;9.54;70.20;199.80;0.88;277.70
P03;Fuentes de Nava;2001-01-13;1600;0.00;9.65;68.79;173.80;1.01;318.70
P03;Fuentes de Nava;2001-01-13;1700;0.00;9.79;68.02;70.40;0.53;219.70
P03;Fuentes de Nava;2001-01-13;1800;0.00;8.55;81.80;1.56;0.65;325.50
P03;Fuentes de Nava;2001-01-13;1900;0.00;7.04;88.30;0.00;0.75;309.70
P03;Fuentes de Nava;2001-01-13;2000;0.00;5.50;93.00;0.00;0.47;196.30
P03;Fuentes de Nava;2001-01-13;2100;0.00;5.52;94.50;0.00;0.62;224.60
P03;Fuentes de Nava;2001-01-13;2200;0.20;5.85;94.40;0.00;0.69;267.80
P03;Fuentes de Nava;2001-01-13;2300;0.00;5.63;94.20;0.00;0.73;128.70
P03;Fuentes de Nava;2001-01-13;2400;0.00;5.38;94.80;0.00;0.47;162.40
P04;Villoldo;2001-01-13;0100;0.00;1.58;94.90;0.00;0.72;74.90
P04;Villoldo;2001-01-13;0200;0.00;1.22;95.30;0.00;0.74;322.70
P04;Villoldo;2001-01-13;0300;0.00;0.60;96.20;0.00;0.98;0.89
P04;Villoldo;2001-01-13;0400;0.00;0.52;96.50;0.00;0.61;10.26
P04;Villoldo;2001-01-13;0500;0.20;0.51;96.50;0.00;0.77;4.32
P04;Villoldo;2001-01-13;0600;0.00;0.86;96.00;0.00;1.14;356.40
P04;Villoldo;2001-01-13;0700;0.00;1.35;95.70;0.00;1.12;331.50
P04;Villoldo;2001-01-13;0800;0.00;1.33;96.00;2.71;0.59;308.10
P04;Villoldo;2001-01-13;0900;0.00;1.42;95.70;27.22;1.45;328.10
P04;Villoldo;2001-01-13;1000;0.00;2.43;94.00;70.40;1.33;310.40
P04;Villoldo;2001-01-13;1100;0.00;4.32;90.40;179.50;1.45;322.50
P04;Villoldo;2001-01-13;1200;0.00;6.99;81.40;383.20;1.57;294.80
P04;Villoldo;2001-01-13;1300;0.00;8.62;71.10;418.60;2.07;289.20
P04;Villoldo;2001-01-13;1400;0.00;9.05;70.20;350.40;1.25;297.90
P04;Villoldo;2001-01-13;1500;0.00;9.37;67.41;201.00;0.41;5.06
P04;Villoldo;2001-01-13;1600;0.00;9.06;67.91;115.40;0.39;12.43
P04;Villoldo;2001-01-13;1700;0.00;8.75;72.30;27.77;0.29;56.76
P04;Villoldo;2001-01-13;1800;0.00;7.52;85.30;1.52;0.27;95.30
P04;Villoldo;2001-01-13;1900;0.00;5.67;91.20;0.00;0.35;358.00
P04;Villoldo;2001-01-13;2000;0.00;5.10;92.70;0.00;0.37;76.70
P04;Villoldo;2001-01-13;2100;0.00;5.20;93.20;0.00;0.23;88.60
P04;Villoldo;2001-01-13;2200;0.00;5.59;92.90;0.00;0.37;127.60
P04;Villoldo;2001-01-13;2300;0.00;5.45;93.90;0.00;0.33;113.60
P04;Villoldo;2001-01-13;2400;0.00;5.28;94.90;0.00;0.64;86.60
P05;Lantadilla;2001-01-13;0100;0.00;2.75;94.20;0.00;0.49;89.30
P05;Lantadilla;2001-01-13;0200;0.00;2.04;95.10;0.00;0.86;309.60
P05;Lantadilla;2001-01-13;0300;0.00;1.70;95.00;0.00;0.69;330.00
P05;Lantadilla;2001-01-13;0400;0.00;1.15;96.00;0.00;0.36;335.30
P05;Lantadilla;2001-01-13;0500;0.00;1.87;96.30;0.00;0.60;29.26
P05;Lantadilla;2001-01-13;0600;0.00;2.26;95.80;0.00;0.76;280.80
P05;Lantadilla;2001-01-13;0700;0.00;2.07;95.80;0.00;0.63;292.70
P05;Lantadilla;2001-01-13;0800;0.00;2.56;95.70;2.47;0.50;192.30
P05;Lantadilla;2001-01-13;0900;0.00;2.61;95.60;91.30;0.87;287.10
P05;Lantadilla;2001-01-13;1000;0.00;3.29;93.50;83.20;1.95;282.00
P05;Lantadilla;2001-01-13;1100;0.00;4.31;90.20;276.20;1.09;238.70
P05;Lantadilla;2001-01-13;1200;0.00;6.29;85.50;339.90;1.22;301.40
P05;Lantadilla;2001-01-13;1300;0.00;7.68;79.10;488.00;1.43;298.50
P05;Lantadilla;2001-01-13;1400;0.00;8.34;74.20;252.60;1.14;281.10
P05;Lantadilla;2001-01-13;1500;0.00;8.82;70.80;270.70;1.24;257.00
P05;Lantadilla;2001-01-13;1600;0.00;8.69;69.77;76.50;0.65;278.60
P05;Lantadilla;2001-01-13;1700;0.00;8.34;74.10;13.88;0.41;263.40
P05;Lantadilla;2001-01-13;1800;0.00;7.01;83.70;1.26;0.42;284.80
P05;Lantadilla;2001-01-13;1900;0.00;5.45;91.10;0.00;0.18;21.57
P05;Lantadilla;2001-01-13;2000;0.00;5.19;91.10;0.00;0.10;137.90
P05;Lantadilla;2001-01-13;2100;0.00;4.95;91.30;0.00;0.29;153.30
P05;Lantadilla;2001-01-13;2200;0.00;5.65;89.40;0.00;0.29;122.10
P05;Lantadilla;2001-01-13;2300;0.00;5.52;91.20;0.00;0.17;38.52
P05;Lantadilla;2001-01-13;2400;0.20;5.44;91.90;0.00;0.20;321.30
P06;Herrera de Pisuerga;2001-01-13;0100;0.00;1.64;94.90;0.00;0.47;338.80
P06;Herrera de Pisuerga;2001-01-13;0200;0.00;0.37;96.50;0.00;0.35;223.10
P06;Herrera de Pisuerga;2001-01-13;0300;0.00;0.46;97.10;0.00;0.54;129.50
P06;Herrera de Pisuerga;2001-01-13;0400;0.00;0.06;97.30;0.00;0.51;349.00
P06;Herrera de Pisuerga;2001-01-13;0500;0.00;-0.12;97.70;0.00;0.44;49.96
P06;Herrera de Pisuerga;2001-01-13;0600;0.00;0.60;97.60;0.00;0.64;347.20
P06;Herrera de Pisuerga;2001-01-13;0700;0.00;1.36;97.50;0.00;0.99;342.50
P06;Herrera de Pisuerga;2001-01-13;0800;0.00;1.86;97.20;1.89;0.38;352.80
P06;Herrera de Pisuerga;2001-01-13;0900;0.00;1.83;97.10;61.45;1.02;333.00
P06;Herrera de Pisuerga;2001-01-13;1000;0.00;2.62;95.00;88.00;2.01;343.00
P06;Herrera de Pisuerga;2001-01-13;1100;0.00;5.05;87.40;249.80;0.73;326.90
P06;Herrera de Pisuerga;2001-01-13;1200;0.00;6.60;79.90;272.50;1.28;296.20
P06;Herrera de Pisuerga;2001-01-13;1300;0.00;8.22;71.60;455.10;1.29;339.20
P06;Herrera de Pisuerga;2001-01-13;1400;0.00;9.32;67.52;312.40;0.60;295.50
P06;Herrera de Pisuerga;2001-01-13;1500;0.00;9.13;70.40;155.10;0.48;306.40
P06;Herrera de Pisuerga;2001-01-13;1600;0.00;8.68;75.40;58.41;1.12;153.40
P06;Herrera de Pisuerga;2001-01-13;1700;0.00;7.70;81.70;16.92;0.92;142.70
P06;Herrera de Pisuerga;2001-01-13;1800;0.00;5.98;87.70;1.25;0.61;149.80
P06;Herrera de Pisuerga;2001-01-13;1900;0.00;5.52;89.40;0.00;0.42;97.60
P06;Herrera de Pisuerga;2001-01-13;2000;0.00;4.89;92.60;0.00;0.30;41.07
P06;Herrera de Pisuerga;2001-01-13;2100;0.00;4.13;94.80;0.00;0.24;127.10
P06;Herrera de Pisuerga;2001-01-13;2200;0.00;4.24;95.60;0.00;0.36;271.70
P06;Herrera de Pisuerga;2001-01-13;2300;0.00;4.57;95.70;0.00;0.10;98.30
P06;Herrera de Pisuerga;2001-01-13;2400;0.00;4.68;95.80;0.00;0.16;318.30
P07;Villaluenga de la Vega;2001-01-13;0100;0.00;1.65;91.60;0.00;1.39;7.02
P07;Villaluenga de la Vega;2001-01-13;0200;0.00;1.85;89.70;0.00;1.55;9.20
P07;Villaluenga de la Vega;2001-01-13;0300;0.00;1.64;89.20;0.00;1.55;4.47
P07;Villaluenga de la Vega;2001-01-13;0400;0.00;1.94;87.50;0.00;1.99;7.20
P07;Villaluenga de la Vega;2001-01-13;0500;0.00;1.52;89.00;0.00;0.96;90.70
P07;Villaluenga de la Vega;2001-01-13;0600;0.00;0.39;92.00;0.00;0.12;198.30
P07;Villaluenga de la Vega;2001-01-13;0700;0.00;-0.78;95.60;0.00;0.16;341.50
P07;Villaluenga de la Vega;2001-01-13;0800;0.00;-0.36;96.80;2.73;0.52;4.01
P07;Villaluenga de la Vega;2001-01-13;0900;0.00;0.39;96.10;72.30;0.50;356.20
P07;Villaluenga de la Vega;2001-01-13;1000;0.20;3.15;91.10;238.30;0.63;26.44
P07;Villaluenga de la Vega;2001-01-13;1100;0.00;6.89;76.40;433.40;0.94;286.70
P07;Villaluenga de la Vega;2001-01-13;1200;0.00;8.30;72.70;438.00;1.28;301.10
P07;Villaluenga de la Vega;2001-01-13;1300;0.00;8.58;72.60;443.10;1.28;332.70
P07;Villaluenga de la Vega;2001-01-13;1400;0.00;8.58;75.20;218.40;2.00;314.30
P07;Villaluenga de la Vega;2001-01-13;1500;0.00;8.19;76.50;139.40;1.83;295.00
P07;Villaluenga de la Vega;2001-01-13;1600;0.00;8.48;74.50;74.70;2.00;331.40
P07;Villaluenga de la Vega;2001-01-13;1700;0.00;7.24;80.90;30.77;1.33;310.60
P07;Villaluenga de la Vega;2001-01-13;1800;0.00;5.92;87.30;1.53;0.48;307.50
P07;Villaluenga de la Vega;2001-01-13;1900;0.00;5.46;89.50;0.00;0.20;55.95
P07;Villaluenga de la Vega;2001-01-13;2000;0.00;5.37;92.20;0.00;0.43;33.89
P07;Villaluenga de la Vega;2001-01-13;2100;0.00;5.38;91.20;0.00;0.33;28.10
P07;Villaluenga de la Vega;2001-01-13;2200;0.00;4.73;93.80;0.00;0.06;29.28
P07;Villaluenga de la Vega;2001-01-13;2300;0.00;3.67;95.50;0.00;0.12;37.46
P07;Villaluenga de la Vega;2001-01-13;2400;0.00;2.97;96.40;0.00;0.24;293.80
SA01;Ciudad Rodrigo;2001-01-13;0100;0.00;3.38;93.10;0.00;0.32;344.20
SA01;Ciudad Rodrigo;2001-01-13;0200;0.20;2.63;94.20;0.00;0.39;174.80
SA01;Ciudad Rodrigo;2001-01-13;0300;0.00;1.81;95.40;0.00;0.13;112.70
SA01;Ciudad Rodrigo;2001-01-13;0400;0.00;1.40;95.60;0.00;0.29;131.70
SA01;Ciudad Rodrigo;2001-01-13;0500;0.00;0.50;96.00;0.00;0.06;41.28
SA01;Ciudad Rodrigo;2001-01-13;0600;0.00;0.43;96.50;0.00;0.06;108.50
SA01;Ciudad Rodrigo;2001-01-13;0700;0.00;-0.14;96.70;0.00;0.11;317.30
SA01;Ciudad Rodrigo;2001-01-13;0800;0.00;-0.59;97.10;1.72;0.13;194.50
SA01;Ciudad Rodrigo;2001-01-13;0900;0.00;0.21;97.60;68.57;0.03;183.20
SA01;Ciudad Rodrigo;2001-01-13;1000;0.00;2.10;96.30;179.40;0.19;112.90
SA01;Ciudad Rodrigo;2001-01-13;1100;0.00;4.56;92.10;321.50;0.70;276.40
SA01;Ciudad Rodrigo;2001-01-13;1200;0.00;7.83;81.00;420.60;0.65;311.00
SA01;Ciudad Rodrigo;2001-01-13;1300;0.00;9.83;73.40;466.20;1.58;27.29
SA01;Ciudad Rodrigo;2001-01-13;1400;0.00;10.71;67.93;449.10;1.27;38.22
SA01;Ciudad Rodrigo;2001-01-13;1500;0.00;11.47;61.44;375.10;1.56;29.44
SA01;Ciudad Rodrigo;2001-01-13;1600;0.00;11.62;58.09;255.40;2.12;11.08
SA01;Ciudad Rodrigo;2001-01-13;1700;0.00;10.97;62.04;102.40;1.72;359.50
SA01;Ciudad Rodrigo;2001-01-13;1800;0.00;8.69;76.60;4.56;1.17;342.70
SA01;Ciudad Rodrigo;2001-01-13;1900;0.00;6.95;82.80;0.00;0.78;297.50
SA01;Ciudad Rodrigo;2001-01-13;2000;0.00;4.84;89.10;0.00;0.34;175.20
SA01;Ciudad Rodrigo;2001-01-13;2100;0.00;4.80;90.70;0.00;0.34;157.40
SA01;Ciudad Rodrigo;2001-01-13;2200;0.00;4.04;91.70;0.00;0.24;108.80
SA01;Ciudad Rodrigo;2001-01-13;2300;0.00;2.86;94.10;0.00;0.17;161.40
SA01;Ciudad Rodrigo;2001-01-13;2400;0.00;1.89;95.00;0.00;0.08;194.20
SA02;Aldearrubia;2001-01-13;0100;0.00;2.14;93.40;0.00;0.43;348.70
SA02;Aldearrubia;2001-01-13;0200;0.00;1.35;95.20;0.01;0.36;288.30
SA02;Aldearrubia;2001-01-13;0300;0.00;1.75;95.70;0.01;0.19;21.09
SA02;Aldearrubia;2001-01-13;0400;0.00;1.42;95.80;0.01;0.18;325.70
SA02;Aldearrubia;2001-01-13;0500;0.00;1.16;96.60;0.02;0.19;333.80
SA02;Aldearrubia;2001-01-13;0600;0.00;2.04;96.60;0.01;0.10;337.40
SA02;Aldearrubia;2001-01-13;0700;0.00;2.81;96.60;0.01;0.64;317.20
SA02;Aldearrubia;2001-01-13;0800;0.00;3.10;96.20;0.96;0.29;282.90
SA02;Aldearrubia;2001-01-13;0900;0.00;2.56;96.40;26.02;0.24;267.70
SA02;Aldearrubia;2001-01-13;1000;0.00;3.49;96.40;92.60;0.36;253.40
SA02;Aldearrubia;2001-01-13;1100;0.00;5.30;93.90;176.40;0.56;137.30
SA02;Aldearrubia;2001-01-13;1200;0.00;5.57;91.70;144.60;0.39;269.90
SA02;Aldearrubia;2001-01-13;1300;0.00;6.20;88.50;174.10;0.55;329.10
SA02;Aldearrubia;2001-01-13;1400;0.00;8.03;81.80;342.10;0.90;332.00
SA02;Aldearrubia;2001-01-13;1500;0.00;9.73;74.10;345.10;0.83;346.80
SA02;Aldearrubia;2001-01-13;1600;0.00;9.45;65.67;103.40;0.86;3.88
SA02;Aldearrubia;2001-01-13;1700;0.00;8.38;72.80;22.64;0.20;11.24
SA02;Aldearrubia;2001-01-13;1800;0.00;7.31;81.90;1.48;0.01;28.28
SA02;Aldearrubia;2001-01-13;1900;0.00;6.86;85.60;0.00;0.15;21.36
SA02;Aldearrubia;2001-01-13;2000;0.00;6.15;88.10;0.00;0.05;334.10
SA02;Aldearrubia;2001-01-13;2100;0.00;5.89;90.60;0.00;0.18;328.90
SA02;Aldearrubia;2001-01-13;2200;0.00;5.31;92.20;0.00;0.06;328.10
SA02;Aldearrubia;2001-01-13;2300;0.00;4.97;93.40;0.00;0.22;322.60
SA02;Aldearrubia;2001-01-13;2400;0.00;3.66;93.90;0.00;0.09;322.20
SG01;Gomezserracin;2001-01-13;0100;0.00;-1.47;98.50;0.00;0.01;124.10
SG01;Gomezserracin;2001-01-13;0200;0.00;-1.86;98.60;0.00;0.01;137.80
SG01;Gomezserracin;2001-01-13;0300;0.00;-1.68;98.60;0.00;0.01;110.40
SG01;Gomezserracin;2001-01-13;0400;0.00;-2.35;98.60;0.00;0.01;141.70
SG01;Gomezserracin;2001-01-13;0500;0.00;-1.43;98.90;0.00;0.01;151.60
SG01;Gomezserracin;2001-01-13;0600;0.00;-0.48;99.10;0.00;0.01;154.10
SG01;Gomezserracin;2001-01-13;0700;0.00;-0.18;99.20;0.00;0.01;63.00
SG01;Gomezserracin;2001-01-13;0800;0.00;-0.06;99.20;1.27;0.01;111.00
SG01;Gomezserracin;2001-01-13;0900;0.00;0.31;99.20;17.45;0.01;270.90
SG01;Gomezserracin;2001-01-13;1000;0.20;0.97;99.20;41.28;0.01;136.10
SG01;Gomezserracin;2001-01-13;1100;0.00;2.40;99.00;116.80;0.01;172.50
SG01;Gomezserracin;2001-01-13;1200;0.00;3.51;98.60;139.90;0.01;190.20
SG01;Gomezserracin;2001-01-13;1300;0.00;4.06;98.30;101.80;0.01;237.50
SG01;Gomezserracin;2001-01-13;1400;0.00;4.06;97.70;106.00;0.01;292.70
SG01;Gomezserracin;2001-01-13;1500;0.00;4.12;96.80;63.83;0.01;345.50
SG01;Gomezserracin;2001-01-13;1600;0.00;4.74;94.00;135.90;0.01;185.30
SG01;Gomezserracin;2001-01-13;1700;0.00;4.49;94.40;25.10;0.01;181.00
SG01;Gomezserracin;2001-01-13;1800;0.00;4.15;95.60;0.80;0.01;182.60
SG01;Gomezserracin;2001-01-13;1900;0.00;3.95;96.60;0.00;0.01;168.10
SG01;Gomezserracin;2001-01-13;2000;0.00;3.85;97.00;0.00;0.01;92.40
SG01;Gomezserracin;2001-01-13;2100;0.00;3.75;97.10;0.00;0.01;85.20
SG01;Gomezserracin;2001-01-13;2200;0.00;3.64;97.30;0.00;0.01;98.30
SG01;Gomezserracin;2001-01-13;2300;0.00;3.50;97.50;0.00;0.01;99.70
SG01;Gomezserracin;2001-01-13;2400;0.00;3.54;97.60;0.00;0.01;342.00
SG02;Nava de la Asuncion;2001-01-13;0100;0.00;0.64;97.50;0.00;0.67;96.80
SG02;Nava de la Asuncion;2001-01-13;0200;0.00;0.18;97.90;0.00;0.22;110.60
SG02;Nava de la Asuncion;2001-01-13;0300;0.00;-0.21;98.10;0.00;0.41;199.70
SG02;Nava de la Asuncion;2001-01-13;0400;0.00;-0.21;98.40;0.00;1.10;120.20
SG02;Nava de la Asuncion;2001-01-13;0500;0.20;0.24;98.80;0.00;1.35;127.30
SG02;Nava de la Asuncion;2001-01-13;0600;0.00;0.96;99.00;0.00;1.81;141.90
SG02;Nava de la Asuncion;2001-01-13;0700;0.00;1.24;99.10;0.00;0.83;120.40
SG02;Nava de la Asuncion;2001-01-13;0800;0.00;1.56;99.20;0.80;0.66;339.90
SG02;Nava de la Asuncion;2001-01-13;0900;0.00;1.77;99.20;17.53;0.39;261.20
SG02;Nava de la Asuncion;2001-01-13;1000;0.00;2.62;99.10;41.12;0.69;164.40
SG02;Nava de la Asuncion;2001-01-13;1100;0.00;3.46;99.00;116.10;1.13;122.40
SG02;Nava de la Asuncion;2001-01-13;1200;0.00;4.26;98.90;137.10;0.86;190.00
SG02;Nava de la Asuncion;2001-01-13;1300;0.00;4.83;98.70;129.70;0.91;201.60
SG02;Nava de la Asuncion;2001-01-13;1400;0.00;5.37;97.60;129.10;1.26;270.60
SG02;Nava de la Asuncion;2001-01-13;1500;0.00;5.94;91.10;123.10;1.27;306.30
SG02;Nava de la Asuncion;2001-01-13;1600;0.00;5.74;90.00;58.32;1.85;11.63
SG02;Nava de la Asuncion;2001-01-13;1700;0.00;5.29;92.80;34.23;1.69;44.74
SG02;Nava de la Asuncion;2001-01-13;1800;0.00;4.96;94.10;0.83;1.25;90.10
SG02;Nava de la Asuncion;2001-01-13;1900;0.00;4.91;94.90;0.01;0.75;130.10
SG02;Nava de la Asuncion;2001-01-13;2000;0.00;4.80;95.50;0.00;0.63;137.60
SG02;Nava de la Asuncion;2001-01-13;2100;0.00;4.64;95.90;0.00;0.54;64.00
SG02;Nava de la Asuncion;2001-01-13;2200;0.00;4.50;96.50;0.01;0.29;95.70
SG02;Nava de la Asuncion;2001-01-13;2300;0.00;4.47;96.60;0.00;0.53;72.90
SG02;Nava de la Asuncion;2001-01-13;2400;0.00;4.47;96.80;0.00;0.88;72.20
SO01;Almazan;2001-01-13;0100;0.00;3.99;91.80;0.00;1.56;288.50
SO01;Almazan;2001-01-13;0200;0.00;4.20;91.50;0.00;1.07;292.90
SO01;Almazan;2001-01-13;0300;0.00;3.99;92.60;0.00;1.58;295.10
SO01;Almazan;2001-01-13;0400;0.00;4.06;92.90;0.00;1.88;315.50
SO01;Almazan;2001-01-13;0500;0.00;3.81;91.70;0.00;1.64;316.10
SO01;Almazan;2001-01-13;0600;0.00;2.73;93.50;0.00;1.17;332.40
SO01;Almazan;2001-01-13;0700;0.00;2.31;94.70;0.00;1.10;291.10
SO01;Almazan;2001-01-13;0800;0.00;2.07;95.40;5.89;1.26;275.90
SO01;Almazan;2001-01-13;0900;0.00;2.41;95.60;96.10;1.17;265.00
SO01;Almazan;2001-01-13;1000;0.00;3.97;91.90;280.70;3.52;299.00
SO01;Almazan;2001-01-13;1100;0.00;4.20;91.00;270.20;4.07;297.10
SO01;Almazan;2001-01-13;1200;0.00;4.93;87.90;415.40;4.21;294.30
SO01;Almazan;2001-01-13;1300;0.00;5.92;84.80;472.60;4.68;288.10
SO01;Almazan;2001-01-13;1400;0.00;6.81;81.70;367.60;4.43;288.70
SO01;Almazan;2001-01-13;1500;0.00;7.47;80.00;182.40;3.48;282.40
SO01;Almazan;2001-01-13;1600;0.00;6.86;82.60;64.06;3.77;274.90
SO01;Almazan;2001-01-13;1700;0.00;6.55;85.10;23.16;3.14;292.10
SO01;Almazan;2001-01-13;1800;0.00;6.03;88.70;0.48;2.56;290.60
SO01;Almazan;2001-01-13;1900;0.00;5.70;89.80;0.00;2.44;286.10
SO01;Almazan;2001-01-13;2000;0.00;5.43;90.70;0.00;2.51;288.40
SO01;Almazan;2001-01-13;2100;0.00;4.96;91.60;0.00;2.41;298.80
SO01;Almazan;2001-01-13;2200;0.00;4.53;91.90;0.00;2.21;301.00
SO01;Almazan;2001-01-13;2300;0.00;4.28;92.30;0.00;2.50;297.20
SO01;Almazan;2001-01-13;2400;0.00;4.18;92.90;0.00;2.35;303.80
SO02;San Esteban de Gormaz;2001-01-13;0100;0.00;2.99;96.10;0.00;0.30;166.50
SO02;San Esteban de Gormaz;2001-01-13;0200;0.00;3.52;96.00;0.00;0.50;44.80
SO02;San Esteban de Gormaz;2001-01-13;0300;0.00;3.75;95.10;0.00;0.82;286.10
SO02;San Esteban de Gormaz;2001-01-13;0400;0.00;3.80;94.80;0.00;0.79;286.50
SO02;San Esteban de Gormaz;2001-01-13;0500;0.00;3.95;93.40;0.00;0.95;290.10
SO02;San Esteban de Gormaz;2001-01-13;0600;0.00;3.78;92.60;0.00;1.33;278.70
SO02;San Esteban de Gormaz;2001-01-13;0700;0.00;2.68;94.50;0.00;0.57;268.70
SO02;San Esteban de Gormaz;2001-01-13;0800;0.00;1.78;96.00;2.77;1.22;262.20
SO02;San Esteban de Gormaz;2001-01-13;0900;0.00;3.14;94.40;36.16;2.45;264.50
SO02;San Esteban de Gormaz;2001-01-13;1000;0.00;3.83;92.90;75.60;2.54;262.20
SO02;San Esteban de Gormaz;2001-01-13;1100;0.00;4.75;88.80;132.30;2.84;251.60
SO02;San Esteban de Gormaz;2001-01-13;1200;0.00;5.80;86.40;302.10;3.73;248.30
SO02;San Esteban de Gormaz;2001-01-13;1300;0.00;6.39;84.70;159.40;3.04;259.50
SO02;San Esteban de Gormaz;2001-01-13;1400;0.00;7.12;81.90;254.40;3.47;286.00
SO02;San Esteban de Gormaz;2001-01-13;1500;0.00;7.26;83.60;160.90;3.31;271.10
SO02;San Esteban de Gormaz;2001-01-13;1600;0.00;7.50;83.50;61.93;3.62;273.20
SO02;San Esteban de Gormaz;2001-01-13;1700;0.00;7.15;84.70;23.67;3.14;268.50
SO02;San Esteban de Gormaz;2001-01-13;1800;0.00;6.46;87.10;0.41;2.75;271.40
SO02;San Esteban de Gormaz;2001-01-13;1900;0.00;5.28;90.00;0.00;2.34;272.70
SO02;San Esteban de Gormaz;2001-01-13;2000;0.00;4.15;92.20;0.00;1.54;265.50
SO02;San Esteban de Gormaz;2001-01-13;2100;0.00;4.60;90.90;0.00;1.91;273.40
SO02;San Esteban de Gormaz;2001-01-13;2200;0.00;4.77;91.20;0.00;1.75;272.50
SO02;San Esteban de Gormaz;2001-01-13;2300;0.00;4.52;91.90;0.00;1.94;278.20
SO02;San Esteban de Gormaz;2001-01-13;2400;0.00;3.76;93.60;0.00;1.59;275.00
SO03;Fuentecantos;2001-01-13;0100;0.00;4.96;87.50;0.00;1.54;58.22
SO03;Fuentecantos;2001-01-13;0200;0.00;5.05;88.60;0.00;2.01;39.35
SO03;Fuentecantos;2001-01-13;0300;0.00;5.29;87.50;0.00;2.71;355.40
SO03;Fuentecantos;2001-01-13;0400;0.00;5.03;87.10;0.00;2.41;358.30
SO03;Fuentecantos;2001-01-13;0500;0.00;3.92;89.80;0.00;1.02;357.10
SO03;Fuentecantos;2001-01-13;0600;0.00;4.01;87.60;0.02;1.45;8.98
SO03;Fuentecantos;2001-01-13;0700;0.00;3.37;88.10;0.00;1.46;321.60
SO03;Fuentecantos;2001-01-13;0800;0.00;2.65;89.50;6.06;1.75;276.40
SO03;Fuentecantos;2001-01-13;0900;0.00;4.64;81.90;91.10;1.60;302.80
SO03;Fuentecantos;2001-01-13;1000;0.00;6.51;76.00;258.80;2.31;318.30
SO03;Fuentecantos;2001-01-13;1100;0.00;6.63;74.50;162.10;3.40;325.40
SO03;Fuentecantos;2001-01-13;1200;0.00;7.96;71.80;425.80;3.42;319.50
SO03;Fuentecantos;2001-01-13;1300;0.00;8.27;71.20;396.30;3.87;332.20
SO03;Fuentecantos;2001-01-13;1400;0.00;8.17;69.64;239.80;3.20;318.10
SO03;Fuentecantos;2001-01-13;1500;0.00;8.80;69.57;408.80;4.26;337.60
SO03;Fuentecantos;2001-01-13;1600;0.00;7.80;70.50;111.10;3.67;328.10
SO03;Fuentecantos;2001-01-13;1700;0.00;6.88;74.20;16.13;3.17;343.60
SO03;Fuentecantos;2001-01-13;1800;0.00;6.44;76.70;0.07;2.73;331.00
SO03;Fuentecantos;2001-01-13;1900;0.00;5.69;80.80;0.00;2.92;321.60
SO03;Fuentecantos;2001-01-13;2000;0.00;5.72;80.60;0.00;4.35;331.70
SO03;Fuentecantos;2001-01-13;2100;0.00;5.81;79.20;0.00;2.65;296.90
SO03;Fuentecantos;2001-01-13;2200;0.00;5.89;77.60;0.00;2.85;331.50
SO03;Fuentecantos;2001-01-13;2300;0.00;5.53;82.00;0.00;3.09;6.24
SO03;Fuentecantos;2001-01-13;2400;0.00;4.97;84.90;0.00;2.26;357.30
VA01;Mayorga;2001-01-13;0100;0.00;4.66;85.30;0.00;0.63;341.10
VA01;Mayorga;2001-01-13;0200;0.00;3.80;87.10;0.00;0.48;278.00
VA01;Mayorga;2001-01-13;0300;0.00;3.56;85.50;0.00;0.30;100.60
VA01;Mayorga;2001-01-13;0400;0.00;2.08;89.80;0.00;1.11;112.80
VA01;Mayorga;2001-01-13;0500;0.00;1.28;91.60;0.00;1.20;111.50
VA01;Mayorga;2001-01-13;0600;0.00;0.67;92.70;0.00;0.58;120.10
VA01;Mayorga;2001-01-13;0700;0.00;0.21;94.40;0.00;0.67;123.20
VA01;Mayorga;2001-01-13;0800;0.00;0.08;95.20;2.90;1.05;126.10
VA01;Mayorga;2001-01-13;0900;0.00;0.75;95.20;29.54;0.86;123.70
VA01;Mayorga;2001-01-13;1000;0.00;2.81;91.50;97.20;0.78;196.60
VA01;Mayorga;2001-01-13;1100;0.00;4.54;84.70;139.40;0.91;234.30
VA01;Mayorga;2001-01-13;1200;0.00;6.33;81.60;133.50;1.32;260.20
VA01;Mayorga;2001-01-13;1300;0.00;8.04;77.40;249.70;1.31;297.50
VA01;Mayorga;2001-01-13;1400;0.00;8.60;77.80;231.50;0.98;330.10
VA01;Mayorga;2001-01-13;1500;0.00;9.22;75.50;179.60;2.17;292.90
VA01;Mayorga;2001-01-13;1600;0.00;9.43;75.10;145.20;1.70;292.40
VA01;Mayorga;2001-01-13;1700;0.00;8.82;78.10;51.25;1.20;281.00
VA01;Mayorga;2001-01-13;1800;0.00;7.87;82.70;3.01;0.66;240.00
VA01;Mayorga;2001-01-13;1900;0.00;6.57;86.80;0.00;0.47;217.60
VA01;Mayorga;2001-01-13;2000;0.00;5.97;86.60;0.00;1.00;249.00
VA01;Mayorga;2001-01-13;2100;0.00;6.13;86.10;0.00;0.51;234.50
VA01;Mayorga;2001-01-13;2200;0.00;6.33;84.90;0.00;0.78;248.40
VA01;Mayorga;2001-01-13;2300;0.00;6.49;83.60;0.00;1.13;289.10
VA01;Mayorga;2001-01-13;2400;0.00;6.17;85.30;0.00;0.78;317.40
VA02;Torrecilla de la Orden;2001-01-13;0100;0.00;2.96;94.20;0.00;0.80;10.50
VA02;Torrecilla de la Orden;2001-01-13;0200;0.00;2.31;95.10;0.00;1.01;308.10
VA02;Torrecilla de la Orden;2001-01-13;0300;0.00;2.02;95.40;0.00;1.29;283.70
VA02;Torrecilla de la Orden;2001-01-13;0400;0.00;1.78;95.60;0.00;1.23;296.10
VA02;Torrecilla de la Orden;2001-01-13;0500;0.00;1.53;95.40;0.00;0.70;324.20
VA02;Torrecilla de la Orden;2001-01-13;0600;0.00;1.54;96.10;0.00;1.07;285.00
VA02;Torrecilla de la Orden;2001-01-13;0700;0.00;2.25;96.40;0.00;1.25;302.10
VA02;Torrecilla de la Orden;2001-01-13;0800;0.00;2.81;95.40;1.19;2.02;287.20
VA02;Torrecilla de la Orden;2001-01-13;0900;0.00;3.12;94.60;23.73;0.83;282.20
VA02;Torrecilla de la Orden;2001-01-13;1000;0.00;4.13;91.10;160.30;0.79;206.80
VA02;Torrecilla de la Orden;2001-01-13;1100;0.00;5.47;86.40;292.80;1.72;272.60
VA02;Torrecilla de la Orden;2001-01-13;1200;0.00;7.01;82.70;412.20;1.83;248.80
VA02;Torrecilla de la Orden;2001-01-13;1300;0.00;8.10;80.00;435.10;1.31;293.90
VA02;Torrecilla de la Orden;2001-01-13;1400;0.00;8.85;77.10;328.30;1.71;314.10
VA02;Torrecilla de la Orden;2001-01-13;1500;0.00;8.92;69.85;139.00;1.98;309.30
VA02;Torrecilla de la Orden;2001-01-13;1600;0.00;8.82;72.20;66.67;1.80;322.30
VA02;Torrecilla de la Orden;2001-01-13;1700;0.00;8.30;78.80;30.55;2.09;332.60
VA02;Torrecilla de la Orden;2001-01-13;1800;0.00;7.38;83.80;1.25;0.95;353.50
VA02;Torrecilla de la Orden;2001-01-13;1900;0.00;6.86;88.10;0.02;0.56;308.90
VA02;Torrecilla de la Orden;2001-01-13;2000;0.00;6.45;88.70;0.00;0.50;241.70
VA02;Torrecilla de la Orden;2001-01-13;2100;0.00;6.30;88.90;0.01;1.41;271.40
VA02;Torrecilla de la Orden;2001-01-13;2200;0.00;5.46;91.30;0.00;1.26;267.00
VA02;Torrecilla de la Orden;2001-01-13;2300;0.00;4.83;91.60;0.00;1.17;247.70
VA02;Torrecilla de la Orden;2001-01-13;2400;0.00;4.88;91.60;0.00;0.78;228.50
VA03;Olmedo;2001-01-13;0100;0.00;0.61;97.40;0.00;0.69;206.00
VA03;Olmedo;2001-01-13;0200;0.00;0.48;97.60;0.00;0.34;176.10
VA03;Olmedo;2001-01-13;0300;0.00;0.48;97.80;0.00;0.19;347.40
VA03;Olmedo;2001-01-13;0400;0.00;-0.43;98.10;0.00;1.46;133.00
VA03;Olmedo;2001-01-13;0500;0.00;-0.52;98.50;0.00;0.69;149.00
VA03;Olmedo;2001-01-13;0600;0.00;-0.07;98.50;0.00;1.28;135.90
VA03;Olmedo;2001-01-13;0700;0.00;0.49;98.50;0.00;1.16;114.50
VA03;Olmedo;2001-01-13;0800;0.20;0.97;98.50;1.01;0.79;49.87
VA03;Olmedo;2001-01-13;0900;0.00;1.56;98.40;13.16;1.22;128.80
VA03;Olmedo;2001-01-13;1000;0.00;2.52;98.20;62.44;1.41;119.00
VA03;Olmedo;2001-01-13;1100;0.00;3.39;97.90;174.70;1.50;143.70
VA03;Olmedo;2001-01-13;1200;0.00;4.79;97.50;145.30;0.88;218.70
VA03;Olmedo;2001-01-13;1300;0.00;5.55;96.80;134.40;0.70;275.30
VA03;Olmedo;2001-01-13;1400;0.00;6.43;91.70;172.10;0.68;258.20
VA03;Olmedo;2001-01-13;1500;0.00;7.38;86.00;173.30;0.64;194.10
VA03;Olmedo;2001-01-13;1600;0.00;7.55;85.30;100.30;1.03;136.60
VA03;Olmedo;2001-01-13;1700;0.00;6.83;89.40;45.16;2.32;109.80
VA03;Olmedo;2001-01-13;1800;0.00;5.89;92.80;1.44;2.19;120.30
VA03;Olmedo;2001-01-13;1900;0.00;5.68;93.10;0.00;2.20;117.70
VA03;Olmedo;2001-01-13;2000;0.00;5.73;91.90;0.00;0.81;124.50
VA03;Olmedo;2001-01-13;2100;0.00;5.17;93.50;0.00;0.88;72.50
VA03;Olmedo;2001-01-13;2200;0.00;5.29;93.60;0.00;1.50;124.80
VA03;Olmedo;2001-01-13;2300;0.00;5.14;94.00;0.00;0.96;117.60
VA03;Olmedo;2001-01-13;2400;0.00;4.98;94.90;0.00;0.83;82.80
VA04;Valladolid;2001-01-13;0100;0.00;2.42;94.40;0.00;1.41;347.20
VA04;Valladolid;2001-01-13;0200;0.00;2.63;93.90;0.00;1.64;359.60
VA04;Valladolid;2001-01-13;0300;0.00;1.78;94.60;0.00;1.23;17.47
VA04;Valladolid;2001-01-13;0400;0.00;1.54;95.90;0.00;0.53;354.80
VA04;Valladolid;2001-01-13;0500;0.00;2.14;96.10;0.00;0.45;73.40
VA04;Valladolid;2001-01-13;0600;0.00;2.64;96.10;0.00;0.63;15.95
VA04;Valladolid;2001-01-13;0700;0.00;3.00;95.70;0.00;0.74;354.50
VA04;Valladolid;2001-01-13;0800;0.00;3.26;95.10;0.71;0.47;310.30
VA04;Valladolid;2001-01-13;0900;0.00;3.31;95.20;27.17;0.56;203.20
VA04;Valladolid;2001-01-13;1000;0.00;4.85;93.10;177.80;1.25;199.40
VA04;Valladolid;2001-01-13;1100;0.00;6.13;88.30;217.30;0.96;217.70
VA04;Valladolid;2001-01-13;1200;0.00;8.18;80.40;287.00;0.82;180.80
VA04;Valladolid;2001-01-13;1300;0.00;8.59;79.70;226.00;0.93;203.10
VA04;Valladolid;2001-01-13;1400;0.00;8.94;80.10;251.10;1.73;138.10
VA04;Valladolid;2001-01-13;1500;0.00;9.23;81.60;274.90;2.46;177.60
VA04;Valladolid;2001-01-13;1600;0.00;8.43;84.20;93.10;2.20;174.80
VA04;Valladolid;2001-01-13;1700;0.00;8.03;85.70;30.84;1.65;168.70
VA04;Valladolid;2001-01-13;1800;0.00;7.29;88.70;1.76;1.08;194.20
VA04;Valladolid;2001-01-13;1900;0.00;6.10;92.20;0.01;0.79;235.60
VA04;Valladolid;2001-01-13;2000;0.00;5.37;94.10;0.01;0.52;226.70
VA04;Valladolid;2001-01-13;2100;0.00;4.71;95.10;0.00;0.48;251.70
VA04;Valladolid;2001-01-13;2200;0.00;4.72;95.80;0.00;0.40;288.10
VA04;Valladolid;2001-01-13;2300;0.20;4.95;95.80;0.01;0.27;204.80
VA04;Valladolid;2001-01-13;2400;0.00;5.10;96.00;0.01;0.15;52.75
VA05;Encinas de Esgueva;2001-01-13;0100;0.00;1.01;94.80;0.00;0.01;298.80
VA05;Encinas de Esgueva;2001-01-13;0200;0.00;0.71;96.10;0.00;0.74;191.00
VA05;Encinas de Esgueva;2001-01-13;0300;0.00;0.60;96.50;0.00;0.56;179.50
VA05;Encinas de Esgueva;2001-01-13;0400;0.00;1.56;96.70;0.00;0.52;228.10
VA05;Encinas de Esgueva;2001-01-13;0500;0.00;1.35;96.50;0.00;0.53;181.30
VA05;Encinas de Esgueva;2001-01-13;0600;0.00;2.10;96.30;0.00;0.82;102.40
VA05;Encinas de Esgueva;2001-01-13;0700;0.00;2.81;94.80;0.00;0.88;220.20
VA05;Encinas de Esgueva;2001-01-13;0800;0.00;3.46;91.80;2.07;0.69;330.60
VA05;Encinas de Esgueva;2001-01-13;0900;0.00;3.13;92.80;27.55;1.21;199.60
VA05;Encinas de Esgueva;2001-01-13;1000;0.00;3.10;93.50;112.00;1.52;217.80
VA05;Encinas de Esgueva;2001-01-13;1100;0.00;3.97;93.40;269.00;2.02;191.80
VA05;Encinas de Esgueva;2001-01-13;1200;0.00;5.79;89.20;345.70;1.56;215.40
VA05;Encinas de Esgueva;2001-01-13;1300;0.00;6.51;89.40;234.70;2.13;199.40
VA05;Encinas de Esgueva;2001-01-13;1400;0.00;6.88;88.00;154.60;1.83;183.00
VA05;Encinas de Esgueva;2001-01-13;1500;0.00;8.37;75.30;188.80;1.44;281.80
VA05;Encinas de Esgueva;2001-01-13;1600;0.00;8.39;73.60;119.10;1.75;311.10
VA05;Encinas de Esgueva;2001-01-13;1700;0.00;8.04;77.20;36.60;1.37;297.80
VA05;Encinas de Esgueva;2001-01-13;1800;0.00;7.40;80.70;0.98;0.99;309.50
VA05;Encinas de Esgueva;2001-01-13;1900;0.00;6.10;89.00;0.02;0.80;220.40
VA05;Encinas de Esgueva;2001-01-13;2000;0.00;5.72;91.60;0.00;0.58;236.90
VA05;Encinas de Esgueva;2001-01-13;2100;0.00;5.08;92.90;0.01;0.65;207.00
VA05;Encinas de Esgueva;2001-01-13;2200;0.00;5.07;94.00;0.01;0.27;233.30
VA05;Encinas de Esgueva;2001-01-13;2300;0.00;4.95;94.20;0.00;0.48;230.70
VA05;Encinas de Esgueva;2001-01-13;2400;0.00;4.39;94.80;0.00;0.59;214.40
VA06;Tordesillas;2001-01-13;0100;0.00;4.30;90.70;0.00;0.85;69.97
VA06;Tordesillas;2001-01-13;0200;0.00;1.20;95.20;0.00;0.32;240.10
VA06;Tordesillas;2001-01-13;0300;0.00;-0.23;97.80;0.00;0.24;233.40
VA06;Tordesillas;2001-01-13;0400;0.00;-0.31;98.40;0.00;0.23;280.30
VA06;Tordesillas;2001-01-13;0500;0.00;-0.83;98.80;0.00;0.20;240.70
VA06;Tordesillas;2001-01-13;0600;0.00;0.74;98.80;0.00;0.21;262.20
VA06;Tordesillas;2001-01-13;0700;0.00;1.91;98.50;0.00;0.10;63.39
VA06;Tordesillas;2001-01-13;0800;0.00;2.22;98.40;1.01;0.26;262.80
VA06;Tordesillas;2001-01-13;0900;0.00;2.64;98.20;24.68;0.20;243.80
VA06;Tordesillas;2001-01-13;1000;0.00;3.95;96.40;126.90;0.52;259.60
VA06;Tordesillas;2001-01-13;1100;0.00;5.90;88.30;284.50;1.50;296.30
VA06;Tordesillas;2001-01-13;1200;0.00;7.88;79.80;374.00;1.44;290.90
VA06;Tordesillas;2001-01-13;1300;0.00;9.39;72.50;381.50;1.02;281.60
VA06;Tordesillas;2001-01-13;1400;0.00;9.67;71.70;193.00;1.25;269.00
VA06;Tordesillas;2001-01-13;1500;0.00;9.61;71.20;120.50;1.23;285.10
VA06;Tordesillas;2001-01-13;1600;0.00;9.24;74.10;83.30;1.52;305.10
VA06;Tordesillas;2001-01-13;1700;0.00;8.87;78.90;39.57;0.80;310.20
VA06;Tordesillas;2001-01-13;1800;0.00;7.70;86.20;1.60;0.44;233.30
VA06;Tordesillas;2001-01-13;1900;0.00;6.51;91.90;0.00;0.37;248.20
VA06;Tordesillas;2001-01-13;2000;0.00;5.81;94.20;0.00;0.23;208.60
VA06;Tordesillas;2001-01-13;2100;0.00;4.73;95.60;0.00;0.19;166.20
VA06;Tordesillas;2001-01-13;2200;0.00;3.21;97.00;0.00;0.17;244.30
VA06;Tordesillas;2001-01-13;2300;0.00;4.27;97.50;0.00;0.12;130.20
VA06;Tordesillas;2001-01-13;2400;0.00;4.76;97.30;0.00;0.08;51.20
VA07;Valbuena de Duero;2001-01-13;0100;0.00;2.68;95.30;0.00;0.42;13.70
VA07;Valbuena de Duero;2001-01-13;0200;0.00;1.24;97.50;0.00;0.58;345.20
VA07;Valbuena de Duero;2001-01-13;0300;0.00;0.70;99.40;0.00;0.60;343.30
VA07;Valbuena de Duero;2001-01-13;0400;0.00;0.70;99.80;0.00;0.57;340.50
VA07;Valbuena de Duero;2001-01-13;0500;0.00;0.34;99.80;0.00;0.66;355.80
VA07;Valbuena de Duero;2001-01-13;0600;0.00;0.33;100.00;0.00;0.41;328.10
VA07;Valbuena de Duero;2001-01-13;0700;0.00;0.37;100.00;0.00;0.46;89.60
VA07;Valbuena de Duero;2001-01-13;0800;0.00;0.53;100.00;1.65;0.24;108.50
VA07;Valbuena de Duero;2001-01-13;0900;0.00;0.99;100.00;21.75;0.21;54.21
VA07;Valbuena de Duero;2001-01-13;1000;0.00;2.04;99.90;82.90;0.74;105.20
VA07;Valbuena de Duero;2001-01-13;1100;0.00;3.42;98.10;216.90;0.49;36.05
VA07;Valbuena de Duero;2001-01-13;1200;0.00;4.66;94.10;192.20;0.46;106.40
VA07;Valbuena de Duero;2001-01-13;1300;0.00;5.91;89.20;235.60;0.74;215.80
VA07;Valbuena de Duero;2001-01-13;1400;0.00;6.71;85.80;245.70;1.02;212.90
VA07;Valbuena de Duero;2001-01-13;1500;0.00;7.92;81.70;319.80;2.32;259.20
VA07;Valbuena de Duero;2001-01-13;1600;0.00;7.97;81.80;113.80;2.26;250.40
VA07;Valbuena de Duero;2001-01-13;1700;0.00;7.60;85.20;31.72;1.29;282.40
VA07;Valbuena de Duero;2001-01-13;1800;0.00;7.16;88.30;1.07;1.32;295.90
VA07;Valbuena de Duero;2001-01-13;1900;0.00;6.24;92.10;0.00;0.68;306.90
VA07;Valbuena de Duero;2001-01-13;2000;0.00;5.37;94.90;0.00;0.72;313.00
VA07;Valbuena de Duero;2001-01-13;2100;0.00;5.27;95.50;0.00;0.75;321.90
VA07;Valbuena de Duero;2001-01-13;2200;0.00;5.06;96.20;0.00;0.40;81.20
VA07;Valbuena de Duero;2001-01-13;2300;0.00;4.96;97.60;0.00;0.41;57.54
VA07;Valbuena de Duero;2001-01-13;2400;0.00;4.93;97.80;0.00;0.19;95.00
ZA02;Villaralbo;2001-01-13;0100;;4.14;91.80;0.00;0.19;179.20
ZA02;Villaralbo;2001-01-13;0200;;3.26;94.40;0.00;0.46;212.10
ZA02;Villaralbo;2001-01-13;0300;;2.92;95.50;0.00;0.45;135.40
ZA02;Villaralbo;2001-01-13;0400;;2.90;95.60;0.00;0.36;120.50
ZA02;Villaralbo;2001-01-13;0500;;1.62;96.20;0.00;0.40;196.70
ZA02;Villaralbo;2001-01-13;0600;;0.92;96.50;0.00;0.49;218.80
ZA02;Villaralbo;2001-01-13;0700;;1.40;96.00;0.00;0.79;184.00
ZA02;Villaralbo;2001-01-13;0800;;1.34;95.70;1.42;0.70;166.40
ZA02;Villaralbo;2001-01-13;0900;;1.89;95.00;75.00;0.76;190.30
ZA02;Villaralbo;2001-01-13;1000;;3.84;91.20;214.00;0.97;230.70
ZA02;Villaralbo;2001-01-13;1100;;6.32;79.60;332.20;0.79;295.50
ZA02;Villaralbo;2001-01-13;1200;;8.10;73.30;466.20;0.83;225.80
ZA02;Villaralbo;2001-01-13;1300;;9.35;68.20;409.10;0.90;279.10
ZA02;Villaralbo;2001-01-13;1400;;9.69;65.23;292.90;0.80;287.20
ZA02;Villaralbo;2001-01-13;1500;;9.79;66.02;179.30;0.90;283.40
ZA02;Villaralbo;2001-01-13;1600;;9.73;67.34;106.80;0.78;286.40
ZA02;Villaralbo;2001-01-13;1700;;9.33;70.70;47.12;0.24;260.60
ZA02;Villaralbo;2001-01-13;1800;;7.67;77.70;3.28;0.44;132.10
ZA02;Villaralbo;2001-01-13;1900;;6.10;81.80;0.00;0.69;155.20
ZA02;Villaralbo;2001-01-13;2000;;4.41;88.10;0.00;0.32;182.90
ZA02;Villaralbo;2001-01-13;2100;;3.81;90.60;0.00;0.52;150.00
ZA02;Villaralbo;2001-01-13;2200;;3.58;91.70;0.00;0.47;119.90
ZA02;Villaralbo;2001-01-13;2300;;3.61;93.20;0.00;0.36;135.00
ZA02;Villaralbo;2001-01-13;2400;;3.34;94.40;0.00;0.19;184.70
ZA03;Toro;2001-01-13;0100;6.80;3.89;92.30;0.00;0.55;330.30
ZA03;Toro;2001-01-13;0200;1.80;3.91;92.60;0.00;1.43;271.00
ZA03;Toro;2001-01-13;0300;1.20;2.39;94.20;0.00;0.42;354.60
ZA03;Toro;2001-01-13;0400;;1.59;96.20;0.00;0.61;115.50
ZA03;Toro;2001-01-13;0500;7.60;2.78;92.60;0.00;0.71;262.90
ZA03;Toro;2001-01-13;0600;;3.10;87.50;0.00;0.63;241.20
ZA03;Toro;2001-01-13;0700;;1.26;92.00;0.00;0.43;356.00
ZA03;Toro;2001-01-13;0800;1.00;0.45;95.00;1.82;0.56;54.67
ZA03;Toro;2001-01-13;0900;;1.10;95.80;67.52;0.55;359.10
ZA03;Toro;2001-01-13;1000;0.20;3.73;89.70;206.30;1.37;281.00
ZA03;Toro;2001-01-13;1100;1.00;6.43;78.80;330.10;0.73;287.40
ZA03;Toro;2001-01-13;1200;0.00;8.59;73.10;405.30;1.53;259.20
ZA03;Toro;2001-01-13;1300;0.00;10.38;64.71;425.10;1.07;331.80
ZA03;Toro;2001-01-13;1400;0.00;10.68;64.22;430.70;1.61;330.70
ZA03;Toro;2001-01-13;1500;2.60;10.03;68.86;209.20;1.78;312.00
ZA03;Toro;2001-01-13;1600;0.00;9.60;71.30;110.40;1.19;305.60
ZA03;Toro;2001-01-13;1700;0.00;9.09;75.00;43.10;0.57;297.90
ZA03;Toro;2001-01-13;1800;0.00;7.93;81.70;2.54;0.13;235.90
ZA03;Toro;2001-01-13;1900;0.00;6.37;88.50;0.00;0.19;35.95
ZA03;Toro;2001-01-13;2000;0.00;4.75;91.60;0.00;0.42;335.60
ZA03;Toro;2001-01-13;2100;0.00;4.65;92.90;0.00;0.68;312.20
ZA03;Toro;2001-01-13;2200;0.00;4.55;92.60;0.00;0.50;297.30
ZA03;Toro;2001-01-13;2300;0.00;3.89;93.60;0.00;0.34;311.00
ZA03;Toro;2001-01-13;2400;0.00;3.41;95.30;0.00;0.29;307.60
ZA04;Villalpando;2001-01-13;0100;0.00;2.93;93.90;0.02;0.23;276.40
ZA04;Villalpando;2001-01-13;0200;0.00;2.09;95.00;0.02;0.47;258.00
ZA04;Villalpando;2001-01-13;0300;0.00;2.29;95.10;0.02;0.51;245.70
ZA04;Villalpando;2001-01-13;0400;0.00;1.62;94.40;0.02;0.86;359.80
ZA04;Villalpando;2001-01-13;0500;0.00;1.01;95.50;0.01;0.51;248.90
ZA04;Villalpando;2001-01-13;0600;0.00;0.10;96.00;0.01;0.38;261.40
ZA04;Villalpando;2001-01-13;0700;0.00;-0.14;96.10;0.01;0.33;239.20
ZA04;Villalpando;2001-01-13;0800;0.00;-0.47;96.20;1.99;0.37;184.10
ZA04;Villalpando;2001-01-13;0900;0.00;0.35;95.70;65.85;0.86;242.10
ZA04;Villalpando;2001-01-13;1000;0.00;2.80;90.90;148.80;0.70;229.20
ZA04;Villalpando;2001-01-13;1100;0.00;4.50;88.30;183.10;0.68;204.70
ZA04;Villalpando;2001-01-13;1200;0.00;6.46;83.10;316.40;1.55;243.00
ZA04;Villalpando;2001-01-13;1300;0.00;7.89;77.50;243.40;1.48;282.40
ZA04;Villalpando;2001-01-13;1400;0.00;8.90;75.40;291.20;1.84;278.90
ZA04;Villalpando;2001-01-13;1500;0.00;9.13;77.20;162.30;2.10;273.40
ZA04;Villalpando;2001-01-13;1600;0.00;9.18;79.20;82.10;1.78;272.30
ZA04;Villalpando;2001-01-13;1700;0.00;8.94;81.30;34.94;0.67;267.40
ZA04;Villalpando;2001-01-13;1800;0.00;8.22;83.90;1.53;0.42;232.20
ZA04;Villalpando;2001-01-13;1900;0.00;7.30;86.70;0.00;0.52;248.90
ZA04;Villalpando;2001-01-13;2000;0.00;5.80;89.40;0.02;0.41;235.70
ZA04;Villalpando;2001-01-13;2100;0.00;5.36;88.80;0.02;1.07;259.50
ZA04;Villalpando;2001-01-13;2200;0.00;5.69;88.50;0.02;0.63;269.40
ZA04;Villalpando;2001-01-13;2300;0.00;6.09;86.70;0.02;0.49;114.20
ZA04;Villalpando;2001-01-13;2400;0.00;6.19;86.20;0.02;0.55;313.50
ZA05;Pozuelo de Tabara;2001-01-13;0100;0.00;4.65;87.20;0.00;1.02;298.00
ZA05;Pozuelo de Tabara;2001-01-13;0200;0.00;2.95;90.00;0.00;0.95;291.50
ZA05;Pozuelo de Tabara;2001-01-13;0300;0.00;2.13;91.50;0.00;0.66;295.70
ZA05;Pozuelo de Tabara;2001-01-13;0400;0.00;2.12;89.60;0.00;0.63;301.90
ZA05;Pozuelo de Tabara;2001-01-13;0500;0.00;2.54;86.60;0.01;0.56;323.90
ZA05;Pozuelo de Tabara;2001-01-13;0600;0.00;2.10;87.50;0.01;0.72;271.20
ZA05;Pozuelo de Tabara;2001-01-13;0700;0.00;1.44;90.80;0.01;0.28;276.00
ZA05;Pozuelo de Tabara;2001-01-13;0800;0.00;0.73;91.90;1.61;0.50;113.80
ZA05;Pozuelo de Tabara;2001-01-13;0900;0.00;0.98;92.60;57.17;0.25;54.22
ZA05;Pozuelo de Tabara;2001-01-13;1000;0.00;2.66;91.40;93.90;0.56;82.90
ZA05;Pozuelo de Tabara;2001-01-13;1100;0.00;4.63;89.40;213.70;0.33;83.50
ZA05;Pozuelo de Tabara;2001-01-13;1200;0.00;7.21;81.00;297.20;0.63;44.90
ZA05;Pozuelo de Tabara;2001-01-13;1300;0.00;8.30;76.40;255.10;0.57;342.30
ZA05;Pozuelo de Tabara;2001-01-13;1400;0.00;9.30;71.30;164.80;0.33;272.90
ZA05;Pozuelo de Tabara;2001-01-13;1500;0.00;9.55;72.90;143.20;0.83;98.20
ZA05;Pozuelo de Tabara;2001-01-13;1600;0.00;9.78;73.50;66.96;0.88;27.80
ZA05;Pozuelo de Tabara;2001-01-13;1700;0.00;9.49;76.30;34.96;0.35;341.60
ZA05;Pozuelo de Tabara;2001-01-13;1800;0.00;7.17;81.70;2.96;0.78;320.80
ZA05;Pozuelo de Tabara;2001-01-13;1900;0.00;4.60;89.50;0.00;0.67;276.90
ZA05;Pozuelo de Tabara;2001-01-13;2000;0.00;3.48;91.20;0.00;0.30;271.80
ZA05;Pozuelo de Tabara;2001-01-13;2100;0.00;3.11;91.30;0.00;0.55;281.70
ZA05;Pozuelo de Tabara;2001-01-13;2200;0.00;3.96;89.30;0.00;0.46;286.30
ZA05;Pozuelo de Tabara;2001-01-13;2300;0.00;4.45;86.60;0.00;0.23;305.30
ZA05;Pozuelo de Tabara;2001-01-13;2400;0.00;4.24;88.50;0.00;0.48;240.10
