Código;Ubicación;Fecha (AAAA-MM-DD);Hora (HHMM);Precipitación (mm);Temperatura (ºC);Humedad relativa (%);Radiación (W/m2);Vel. viento (m/s);Dir. viento (º)
AV01;Nava de Arévalo;2001-01-26;0100;0.00;2.22;87.80;0.00;4.83;220.20
AV01;Nava de Arévalo;2001-01-26;0200;0.00;2.26;87.00;0.00;4.71;211.40
AV01;Nava de Arévalo;2001-01-26;0300;0.00;2.04;87.80;0.00;4.67;213.20
AV01;Nava de Arévalo;2001-01-26;0400;0.00;2.19;86.80;0.00;5.57;206.80
AV01;Nava de Arévalo;2001-01-26;0500;0.00;2.49;83.60;0.00;4.36;201.20
AV01;Nava de Arévalo;2001-01-26;0600;0.00;2.73;82.40;0.00;4.37;197.70
AV01;Nava de Arévalo;2001-01-26;0700;0.00;2.94;84.10;0.00;4.36;195.00
AV01;Nava de Arévalo;2001-01-26;0800;0.00;3.49;85.90;1.25;5.45;195.60
AV01;Nava de Arévalo;2001-01-26;0900;0.20;3.91;85.60;20.58;5.34;188.50
AV01;Nava de Arévalo;2001-01-26;1000;0.00;4.61;83.10;78.00;5.44;188.10
AV01;Nava de Arévalo;2001-01-26;1100;0.00;5.79;78.70;99.30;7.34;192.70
AV01;Nava de Arévalo;2001-01-26;1200;0.00;6.49;76.20;154.70;8.58;199.80
AV01;Nava de Arévalo;2001-01-26;1300;0.00;7.43;75.30;208.20;11.66;207.80
AV01;Nava de Arévalo;2001-01-26;1400;0.00;9.11;71.90;403.40;13.34;212.40
AV01;Nava de Arévalo;2001-01-26;1500;0.00;10.09;71.20;405.40;13.05;214.50
AV01;Nava de Arévalo;2001-01-26;1600;0.00;10.02;73.30;194.80;12.29;213.20
AV01;Nava de Arévalo;2001-01-26;1700;0.00;9.72;76.70;51.15;11.31;216.50
AV01;Nava de Arévalo;2001-01-26;1800;0.00;9.78;77.80;4.31;10.94;215.80
AV01;Nava de Arévalo;2001-01-26;1900;0.20;9.38;83.40;0.00;11.10;215.40
AV01;Nava de Arévalo;2001-01-26;2000;0.00;9.27;86.20;0.00;9.87;216.20
AV01;Nava de Arévalo;2001-01-26;2100;0.20;9.05;90.10;0.00;9.38;221.10
AV01;Nava de Arévalo;2001-01-26;2200;0.20;9.30;91.10;0.00;8.51;227.30
AV01;Nava de Arévalo;2001-01-26;2300;3.40;9.14;91.50;0.00;8.73;242.70
AV01;Nava de Arévalo;2001-01-26;2400;3.00;6.50;93.00;0.00;4.25;311.40
BU01;Miranda de Ebro;2001-01-26;0100;0.00;4.79;69.06;0.00;3.57;261.10
BU01;Miranda de Ebro;2001-01-26;0200;0.00;4.10;72.20;0.00;2.77;263.70
BU01;Miranda de Ebro;2001-01-26;0300;0.00;3.89;74.00;0.00;1.94;273.90
BU01;Miranda de Ebro;2001-01-26;0400;0.00;3.88;74.90;0.00;1.94;277.80
BU01;Miranda de Ebro;2001-01-26;0500;0.00;4.21;75.10;0.00;2.29;264.10
BU01;Miranda de Ebro;2001-01-26;0600;0.00;4.90;75.70;0.00;2.68;259.90
BU01;Miranda de Ebro;2001-01-26;0700;0.00;5.45;74.60;0.00;2.86;251.80
BU01;Miranda de Ebro;2001-01-26;0800;0.00;5.90;73.30;2.35;3.55;228.10
BU01;Miranda de Ebro;2001-01-26;0900;0.00;6.44;71.00;21.51;6.42;210.00
BU01;Miranda de Ebro;2001-01-26;1000;0.00;7.35;67.04;34.54;6.79;199.90
BU01;Miranda de Ebro;2001-01-26;1100;0.00;7.73;65.13;36.04;8.01;202.00
BU01;Miranda de Ebro;2001-01-26;1200;0.40;7.39;70.20;25.40;7.34;206.00
BU01;Miranda de Ebro;2001-01-26;1300;0.00;7.45;70.00;19.24;3.54;236.20
BU01;Miranda de Ebro;2001-01-26;1400;0.60;7.06;74.10;20.12;1.60;316.30
BU01;Miranda de Ebro;2001-01-26;1500;2.20;7.74;79.70;25.27;3.03;243.80
BU01;Miranda de Ebro;2001-01-26;1600;0.00;9.40;77.10;28.06;2.68;215.20
BU01;Miranda de Ebro;2001-01-26;1700;0.00;10.25;77.90;7.62;3.24;192.70
BU01;Miranda de Ebro;2001-01-26;1800;0.00;9.05;79.50;0.46;1.99;103.50
BU01;Miranda de Ebro;2001-01-26;1900;1.20;10.03;86.90;0.00;1.65;240.40
BU01;Miranda de Ebro;2001-01-26;2000;1.40;10.59;86.80;0.00;1.75;276.80
BU01;Miranda de Ebro;2001-01-26;2100;0.00;10.66;79.60;0.00;1.82;261.40
BU01;Miranda de Ebro;2001-01-26;2200;0.00;9.68;82.20;0.00;1.85;232.60
BU01;Miranda de Ebro;2001-01-26;2300;0.00;10.44;72.20;0.00;1.88;282.30
BU01;Miranda de Ebro;2001-01-26;2400;0.00;9.90;73.40;0.00;3.54;261.80
BU03;Lerma;2001-01-26;0100;0.00;1.06;88.80;0.00;2.55;234.30
BU03;Lerma;2001-01-26;0200;0.00;1.29;88.20;0.00;2.69;218.20
BU03;Lerma;2001-01-26;0300;0.00;1.40;88.50;0.00;2.50;218.90
BU03;Lerma;2001-01-26;0400;0.00;1.76;89.70;0.00;1.99;207.20
BU03;Lerma;2001-01-26;0500;0.00;2.25;89.60;0.00;2.82;217.20
BU03;Lerma;2001-01-26;0600;0.00;2.40;89.90;0.00;2.96;210.50
BU03;Lerma;2001-01-26;0700;0.20;2.58;88.40;0.00;3.86;201.50
BU03;Lerma;2001-01-26;0800;0.60;2.34;90.40;1.22;3.64;184.30
BU03;Lerma;2001-01-26;0900;1.00;2.08;91.50;14.05;3.90;180.00
BU03;Lerma;2001-01-26;1000;1.60;1.63;92.30;48.35;4.00;172.10
BU03;Lerma;2001-01-26;1100;1.80;2.39;91.80;58.03;4.04;175.70
BU03;Lerma;2001-01-26;1200;1.40;3.53;90.80;65.90;3.97;177.40
BU03;Lerma;2001-01-26;1300;0.40;4.34;89.90;41.15;3.84;188.10
BU03;Lerma;2001-01-26;1400;0.20;5.64;88.40;57.59;4.90;199.60
BU03;Lerma;2001-01-26;1500;0.00;6.57;87.60;35.57;5.03;200.90
BU03;Lerma;2001-01-26;1600;0.00;7.57;87.20;30.08;4.25;200.90
BU03;Lerma;2001-01-26;1700;0.00;8.25;87.20;17.21;4.28;209.70
BU03;Lerma;2001-01-26;1800;0.00;8.73;87.50;0.69;5.39;220.40
BU03;Lerma;2001-01-26;1900;0.00;8.86;88.20;0.00;5.81;223.50
BU03;Lerma;2001-01-26;2000;0.40;9.05;88.70;0.00;5.29;231.80
BU03;Lerma;2001-01-26;2100;4.60;8.96;91.50;0.00;4.32;268.60
BU03;Lerma;2001-01-26;2200;1.00;7.64;89.70;0.00;4.01;287.90
BU03;Lerma;2001-01-26;2300;0.40;6.59;90.50;0.00;1.44;260.30
BU03;Lerma;2001-01-26;2400;0.00;5.68;90.20;0.00;1.41;287.00
BU04;Tardajos;2001-01-26;0100;0.00;0.83;91.50;0.00;5.47;249.10
BU04;Tardajos;2001-01-26;0200;0.00;0.97;91.40;0.00;4.87;248.00
BU04;Tardajos;2001-01-26;0300;0.00;1.09;92.20;0.00;3.53;238.80
BU04;Tardajos;2001-01-26;0400;0.00;1.20;93.70;0.00;3.92;235.20
BU04;Tardajos;2001-01-26;0500;0.00;1.67;93.70;0.00;4.28;234.50
BU04;Tardajos;2001-01-26;0600;0.00;1.96;93.60;0.00;4.35;234.50
BU04;Tardajos;2001-01-26;0700;0.20;2.32;92.50;0.00;4.23;230.50
BU04;Tardajos;2001-01-26;0800;0.40;2.35;93.30;1.23;5.13;230.90
BU04;Tardajos;2001-01-26;0900;1.20;2.43;93.50;11.79;5.22;228.90
BU04;Tardajos;2001-01-26;1000;1.60;2.11;93.60;37.48;5.82;221.90
BU04;Tardajos;2001-01-26;1100;2.40;1.91;95.00;43.50;5.37;218.50
BU04;Tardajos;2001-01-26;1200;1.60;3.66;92.20;71.20;6.35;229.70
BU04;Tardajos;2001-01-26;1300;1.20;4.13;92.20;79.20;5.99;230.50
BU04;Tardajos;2001-01-26;1400;1.20;4.93;93.10;42.96;5.54;235.50
BU04;Tardajos;2001-01-26;1500;0.80;6.00;91.90;37.28;6.03;238.70
BU04;Tardajos;2001-01-26;1600;0.40;7.00;92.40;23.57;6.53;242.10
BU04;Tardajos;2001-01-26;1700;0.00;8.19;89.40;16.45;7.81;243.30
BU04;Tardajos;2001-01-26;1800;0.00;8.95;87.90;1.07;8.70;248.20
BU04;Tardajos;2001-01-26;1900;0.60;9.14;89.50;0.00;9.86;253.00
BU04;Tardajos;2001-01-26;2000;1.60;9.13;90.60;0.00;9.11;262.40
BU04;Tardajos;2001-01-26;2100;0.80;8.01;89.10;0.00;4.62;302.90
BU04;Tardajos;2001-01-26;2200;2.40;6.64;88.60;0.00;2.53;292.30
BU04;Tardajos;2001-01-26;2300;0.00;6.16;89.30;0.00;1.79;254.50
BU04;Tardajos;2001-01-26;2400;0.00;5.44;87.60;0.00;1.67;325.20
BU05;Vadocondes;2001-01-26;0100;0.00;1.87;86.90;0.00;4.13;254.60
BU05;Vadocondes;2001-01-26;0200;0.00;1.85;88.80;0.00;4.09;250.40
BU05;Vadocondes;2001-01-26;0300;0.00;2.11;89.20;0.00;4.11;250.80
BU05;Vadocondes;2001-01-26;0400;0.00;2.42;88.90;0.00;4.15;251.90
BU05;Vadocondes;2001-01-26;0500;0.00;2.56;88.80;0.00;4.90;247.10
BU05;Vadocondes;2001-01-26;0600;0.00;2.57;87.60;0.00;4.78;238.80
BU05;Vadocondes;2001-01-26;0700;0.00;2.92;85.00;0.00;4.83;235.30
BU05;Vadocondes;2001-01-26;0800;0.00;3.27;85.00;1.84;5.70;229.10
BU05;Vadocondes;2001-01-26;0900;0.60;3.32;87.00;20.73;5.45;225.50
BU05;Vadocondes;2001-01-26;1000;1.00;3.60;87.20;45.65;5.85;222.60
BU05;Vadocondes;2001-01-26;1100;0.80;4.12;85.50;78.90;5.04;215.20
BU05;Vadocondes;2001-01-26;1200;0.60;4.95;84.50;90.50;5.77;219.70
BU05;Vadocondes;2001-01-26;1300;0.20;5.53;83.60;109.70;6.92;227.80
BU05;Vadocondes;2001-01-26;1400;0.00;6.59;82.00;90.00;7.50;236.10
BU05;Vadocondes;2001-01-26;1500;0.00;7.62;80.80;65.49;8.08;237.50
BU05;Vadocondes;2001-01-26;1600;0.40;8.36;81.30;22.32;7.82;237.60
BU05;Vadocondes;2001-01-26;1700;0.20;8.59;85.20;21.76;8.76;238.50
BU05;Vadocondes;2001-01-26;1800;0.20;8.83;85.70;1.25;9.26;237.90
BU05;Vadocondes;2001-01-26;1900;0.20;8.56;89.70;0.00;8.69;238.00
BU05;Vadocondes;2001-01-26;2000;0.40;8.95;88.90;0.00;8.45;244.00
BU05;Vadocondes;2001-01-26;2100;1.20;8.97;91.30;0.00;7.56;246.10
BU05;Vadocondes;2001-01-26;2200;1.60;9.03;91.60;0.00;6.70;256.10
BU05;Vadocondes;2001-01-26;2300;2.20;7.27;90.70;0.00;3.42;298.30
BU05;Vadocondes;2001-01-26;2400;0.20;6.79;88.70;0.00;2.88;251.60
LE01;Carracedelo;2001-01-26;0100;0.20;4.13;88.70;0.00;1.79;231.30
LE01;Carracedelo;2001-01-26;0200;0.20;3.99;90.40;0.00;0.75;214.70
LE01;Carracedelo;2001-01-26;0300;0.20;4.16;91.70;0.00;0.52;257.80
LE01;Carracedelo;2001-01-26;0400;0.60;3.84;94.10;0.00;0.68;11.81
LE01;Carracedelo;2001-01-26;0500;0.40;4.03;94.50;0.00;0.43;344.90
LE01;Carracedelo;2001-01-26;0600;1.00;3.82;95.40;0.00;0.45;273.30
LE01;Carracedelo;2001-01-26;0700;1.80;4.06;95.80;0.00;0.92;23.91
LE01;Carracedelo;2001-01-26;0800;2.40;4.26;95.00;0.18;1.11;0.80
LE01;Carracedelo;2001-01-26;0900;1.60;4.56;94.50;9.64;1.03;19.96
LE01;Carracedelo;2001-01-26;1000;1.60;4.71;94.10;28.95;1.11;35.00
LE01;Carracedelo;2001-01-26;1100;1.20;4.76;93.70;52.58;1.13;52.88
LE01;Carracedelo;2001-01-26;1200;1.60;4.99;93.60;68.83;1.08;30.76
LE01;Carracedelo;2001-01-26;1300;1.60;5.07;93.80;75.50;1.00;344.00
LE01;Carracedelo;2001-01-26;1400;2.80;4.86;94.40;59.81;1.28;325.60
LE01;Carracedelo;2001-01-26;1500;3.00;5.04;94.60;43.29;1.18;311.40
LE01;Carracedelo;2001-01-26;1600;4.00;5.09;95.10;16.53;0.97;301.10
LE01;Carracedelo;2001-01-26;1700;2.40;5.27;95.60;8.24;0.91;280.00
LE01;Carracedelo;2001-01-26;1800;3.80;5.44;95.80;0.76;1.24;234.90
LE01;Carracedelo;2001-01-26;1900;1.80;6.72;95.90;0.00;0.88;317.10
LE01;Carracedelo;2001-01-26;2000;0.40;8.32;90.30;0.00;1.35;154.00
LE01;Carracedelo;2001-01-26;2100;0.60;8.03;90.70;0.00;1.10;209.00
LE01;Carracedelo;2001-01-26;2200;0.00;8.11;90.00;0.00;1.09;201.10
LE01;Carracedelo;2001-01-26;2300;0.00;8.17;88.50;0.00;1.48;225.80
LE01;Carracedelo;2001-01-26;2400;0.00;8.12;87.10;0.00;1.35;167.40
LE02;Mansilla mayor;2001-01-26;0100;0.00;-0.57;97.50;0.00;1.07;203.10
LE02;Mansilla mayor;2001-01-26;0200;0.00;0.51;96.60;0.00;1.55;190.60
LE02;Mansilla mayor;2001-01-26;0300;0.00;1.46;95.10;0.00;2.09;189.40
LE02;Mansilla mayor;2001-01-26;0400;0.00;1.73;95.30;0.00;1.78;182.30
LE02;Mansilla mayor;2001-01-26;0500;0.00;2.00;95.50;0.00;1.41;160.60
LE02;Mansilla mayor;2001-01-26;0600;0.00;2.23;95.80;0.00;1.97;174.10
LE02;Mansilla mayor;2001-01-26;0700;0.20;2.69;96.20;0.00;3.35;172.10
LE02;Mansilla mayor;2001-01-26;0800;0.40;2.94;96.20;0.21;3.33;171.80
LE02;Mansilla mayor;2001-01-26;0900;1.40;2.95;95.70;8.47;3.49;176.70
LE02;Mansilla mayor;2001-01-26;1000;0.60;3.07;95.40;36.86;3.15;175.80
LE02;Mansilla mayor;2001-01-26;1100;1.00;3.55;93.90;69.11;4.23;186.90
LE02;Mansilla mayor;2001-01-26;1200;0.20;3.91;93.50;91.50;3.57;187.30
LE02;Mansilla mayor;2001-01-26;1300;0.60;4.82;94.50;99.50;2.90;191.70
LE02;Mansilla mayor;2001-01-26;1400;0.20;6.17;93.50;144.10;3.81;199.70
LE02;Mansilla mayor;2001-01-26;1500;0.40;6.70;93.90;70.10;3.11;196.60
LE02;Mansilla mayor;2001-01-26;1600;0.80;6.95;94.90;48.38;2.17;207.80
LE02;Mansilla mayor;2001-01-26;1700;0.80;5.96;95.30;18.81;1.09;275.20
LE02;Mansilla mayor;2001-01-26;1800;1.00;4.66;96.30;2.64;1.37;302.00
LE02;Mansilla mayor;2001-01-26;1900;1.00;4.35;96.90;0.00;1.81;313.30
LE02;Mansilla mayor;2001-01-26;2000;2.00;4.28;96.50;0.00;1.07;294.30
LE02;Mansilla mayor;2001-01-26;2100;0.40;4.55;96.70;0.00;0.87;178.70
LE02;Mansilla mayor;2001-01-26;2200;0.00;4.71;93.50;0.00;0.85;245.80
LE02;Mansilla mayor;2001-01-26;2300;0.00;3.16;94.70;0.00;0.61;178.90
LE02;Mansilla mayor;2001-01-26;2400;0.00;3.93;92.90;0.00;2.10;241.90
LE03;Cubillas de los Oteros;2001-01-26;0100;0.00;0.53;94.20;0.00;1.86;205.40
LE03;Cubillas de los Oteros;2001-01-26;0200;0.00;1.59;92.40;0.00;2.65;209.60
LE03;Cubillas de los Oteros;2001-01-26;0300;0.00;1.76;93.10;0.00;2.35;196.50
LE03;Cubillas de los Oteros;2001-01-26;0400;0.00;2.15;92.80;0.00;2.55;204.80
LE03;Cubillas de los Oteros;2001-01-26;0500;0.00;2.10;93.30;0.00;2.85;203.00
LE03;Cubillas de los Oteros;2001-01-26;0600;0.00;2.54;94.10;0.00;4.01;199.40
LE03;Cubillas de los Oteros;2001-01-26;0700;0.20;3.02;94.40;0.00;4.42;196.40
LE03;Cubillas de los Oteros;2001-01-26;0800;0.40;3.24;94.20;0.31;4.10;198.90
LE03;Cubillas de los Oteros;2001-01-26;0900;0.80;3.26;93.20;10.03;4.27;201.00
LE03;Cubillas de los Oteros;2001-01-26;1000;0.40;3.50;93.10;30.23;4.40;202.60
LE03;Cubillas de los Oteros;2001-01-26;1100;0.60;3.97;90.90;70.20;4.81;215.20
LE03;Cubillas de los Oteros;2001-01-26;1200;0.20;4.61;90.50;145.30;5.02;211.30
LE03;Cubillas de los Oteros;2001-01-26;1300;0.40;5.65;90.60;154.30;5.08;212.70
LE03;Cubillas de los Oteros;2001-01-26;1400;0.00;6.79;90.10;182.70;5.89;215.70
LE03;Cubillas de los Oteros;2001-01-26;1500;0.60;7.43;90.50;148.00;5.26;215.60
LE03;Cubillas de los Oteros;2001-01-26;1600;1.20;7.46;92.10;75.40;4.45;216.90
LE03;Cubillas de los Oteros;2001-01-26;1700;1.60;7.49;93.60;16.26;3.41;220.00
LE03;Cubillas de los Oteros;2001-01-26;1800;1.40;7.94;94.30;3.12;3.07;224.70
LE03;Cubillas de los Oteros;2001-01-26;1900;2.80;6.13;94.10;0.00;1.73;327.00
LE03;Cubillas de los Oteros;2001-01-26;2000;1.60;4.89;94.90;0.00;1.75;343.40
LE03;Cubillas de los Oteros;2001-01-26;2100;0.60;5.17;94.20;0.00;0.82;276.90
LE03;Cubillas de los Oteros;2001-01-26;2200;0.20;5.32;91.60;0.00;1.19;265.60
LE03;Cubillas de los Oteros;2001-01-26;2300;0.00;4.54;90.80;0.00;1.27;259.80
LE03;Cubillas de los Oteros;2001-01-26;2400;0.00;4.74;90.40;0.00;2.26;285.60
LE04;Zotes del Páramo;2001-01-26;0100;0.00;1.48;89.60;0.00;3.83;243.50
LE04;Zotes del Páramo;2001-01-26;0200;0.00;1.68;90.10;0.00;3.37;233.70
LE04;Zotes del Páramo;2001-01-26;0300;0.00;2.04;90.30;0.00;3.46;235.70
LE04;Zotes del Páramo;2001-01-26;0400;0.00;2.41;89.60;0.00;3.83;238.30
LE04;Zotes del Páramo;2001-01-26;0500;0.00;2.53;90.90;0.00;4.16;222.40
LE04;Zotes del Páramo;2001-01-26;0600;0.00;2.81;92.20;0.00;3.80;218.20
LE04;Zotes del Páramo;2001-01-26;0700;0.00;3.10;92.10;0.00;4.01;225.70
LE04;Zotes del Páramo;2001-01-26;0800;0.20;3.43;88.80;0.40;5.12;232.10
LE04;Zotes del Páramo;2001-01-26;0900;0.60;3.11;89.50;18.27;4.99;228.40
LE04;Zotes del Páramo;2001-01-26;1000;0.40;3.69;89.20;44.06;5.72;237.10
LE04;Zotes del Páramo;2001-01-26;1100;0.20;3.74;89.20;87.30;5.19;245.70
LE04;Zotes del Páramo;2001-01-26;1200;0.20;4.51;89.80;125.10;4.81;247.00
LE04;Zotes del Páramo;2001-01-26;1300;0.20;5.49;90.50;197.10;5.10;249.00
LE04;Zotes del Páramo;2001-01-26;1400;0.00;6.42;90.20;124.30;5.56;249.10
LE04;Zotes del Páramo;2001-01-26;1500;1.00;6.64;91.30;66.04;4.36;249.20
LE04;Zotes del Páramo;2001-01-26;1600;1.40;7.29;92.00;66.27;4.13;247.90
LE04;Zotes del Páramo;2001-01-26;1700;1.00;7.63;92.90;24.18;3.95;242.10
LE04;Zotes del Páramo;2001-01-26;1800;1.20;8.37;93.10;2.85;3.91;246.30
LE04;Zotes del Páramo;2001-01-26;1900;1.80;8.94;92.70;0.00;4.01;255.60
LE04;Zotes del Páramo;2001-01-26;2000;2.40;7.86;91.40;0.00;3.43;330.70
LE04;Zotes del Páramo;2001-01-26;2100;1.20;6.23;90.30;0.00;2.90;342.00
LE04;Zotes del Páramo;2001-01-26;2200;0.00;6.16;84.70;0.00;4.12;316.50
LE04;Zotes del Páramo;2001-01-26;2300;0.00;5.44;84.20;0.00;3.25;305.70
LE04;Zotes del Páramo;2001-01-26;2400;0.00;5.46;84.00;0.00;3.18;320.30
LE05;Quintana del Marco;2001-01-26;0100;0.00;1.78;89.40;0.00;3.24;224.00
LE05;Quintana del Marco;2001-01-26;0200;0.00;1.98;89.90;0.00;2.78;209.80
LE05;Quintana del Marco;2001-01-26;0300;0.00;2.32;89.80;0.00;3.92;219.40
LE05;Quintana del Marco;2001-01-26;0400;0.00;2.79;89.20;0.00;4.51;219.80
LE05;Quintana del Marco;2001-01-26;0500;0.00;3.13;90.00;0.00;3.71;205.00
LE05;Quintana del Marco;2001-01-26;0600;0.00;3.38;90.90;0.00;3.47;204.40
LE05;Quintana del Marco;2001-01-26;0700;0.20;3.63;89.90;0.00;3.87;206.90
LE05;Quintana del Marco;2001-01-26;0800;0.20;3.70;88.30;0.45;4.83;207.60
LE05;Quintana del Marco;2001-01-26;0900;0.80;3.43;89.40;16.42;4.20;203.20
LE05;Quintana del Marco;2001-01-26;1000;0.60;4.07;88.60;55.40;5.63;215.70
LE05;Quintana del Marco;2001-01-26;1100;0.40;4.04;88.50;120.10;6.10;223.60
LE05;Quintana del Marco;2001-01-26;1200;0.60;4.90;89.30;196.70;5.49;222.90
LE05;Quintana del Marco;2001-01-26;1300;0.00;5.90;90.10;187.50;4.68;229.40
LE05;Quintana del Marco;2001-01-26;1400;0.20;6.92;89.60;213.00;4.96;226.10
LE05;Quintana del Marco;2001-01-26;1500;0.80;7.44;89.70;116.70;5.38;232.80
LE05;Quintana del Marco;2001-01-26;1600;1.00;7.94;89.90;64.45;5.20;237.20
LE05;Quintana del Marco;2001-01-26;1700;1.20;8.54;90.50;21.54;4.71;233.10
LE05;Quintana del Marco;2001-01-26;1800;1.00;9.20;91.20;3.23;4.57;233.90
LE05;Quintana del Marco;2001-01-26;1900;1.80;9.56;91.20;0.00;4.64;238.80
LE05;Quintana del Marco;2001-01-26;2000;2.40;8.69;89.10;0.00;3.52;302.60
LE05;Quintana del Marco;2001-01-26;2100;1.40;7.14;86.00;0.00;3.29;324.40
LE05;Quintana del Marco;2001-01-26;2200;0.00;6.66;84.20;0.00;3.78;294.20
LE05;Quintana del Marco;2001-01-26;2300;0.00;6.08;82.90;0.00;2.53;302.40
LE05;Quintana del Marco;2001-01-26;2400;0.00;4.06;88.40;0.00;1.13;328.70
LE06;Hospital de Orbigo;2001-01-26;0100;0.00;0.74;90.90;0.00;2.07;198.80
LE06;Hospital de Orbigo;2001-01-26;0200;0.00;1.07;92.50;0.00;2.24;198.40
LE06;Hospital de Orbigo;2001-01-26;0300;0.00;1.32;92.50;0.00;2.14;197.70
LE06;Hospital de Orbigo;2001-01-26;0400;0.00;1.45;92.80;0.00;1.53;189.40
LE06;Hospital de Orbigo;2001-01-26;0500;0.00;1.92;92.50;0.00;2.29;193.90
LE06;Hospital de Orbigo;2001-01-26;0600;0.20;2.42;92.80;0.00;3.23;198.50
LE06;Hospital de Orbigo;2001-01-26;0700;0.20;2.42;93.40;0.00;3.84;187.60
LE06;Hospital de Orbigo;2001-01-26;0800;0.20;2.53;92.60;0.25;4.50;185.50
LE06;Hospital de Orbigo;2001-01-26;0900;1.00;2.41;92.30;17.20;4.72;188.40
LE06;Hospital de Orbigo;2001-01-26;1000;0.80;2.58;92.20;52.01;4.93;189.80
LE06;Hospital de Orbigo;2001-01-26;1100;0.80;3.23;90.60;92.80;4.46;191.80
LE06;Hospital de Orbigo;2001-01-26;1200;0.60;3.99;90.40;129.10;3.67;198.30
LE06;Hospital de Orbigo;2001-01-26;1300;0.80;5.75;89.40;210.90;2.27;205.40
LE06;Hospital de Orbigo;2001-01-26;1400;0.60;5.50;90.90;203.30;2.78;350.00
LE06;Hospital de Orbigo;2001-01-26;1500;0.80;4.75;93.00;95.30;2.61;5.50
LE06;Hospital de Orbigo;2001-01-26;1600;1.80;4.72;93.80;46.48;1.34;9.43
LE06;Hospital de Orbigo;2001-01-26;1700;1.60;4.75;94.70;15.99;0.61;7.55
LE06;Hospital de Orbigo;2001-01-26;1800;3.00;4.72;95.30;2.16;1.24;358.50
LE06;Hospital de Orbigo;2001-01-26;1900;1.00;4.60;95.80;0.00;2.04;23.17
LE06;Hospital de Orbigo;2001-01-26;2000;0.40;4.59;95.80;0.00;0.98;17.37
LE06;Hospital de Orbigo;2001-01-26;2100;0.60;5.40;89.70;0.00;3.33;257.00
LE06;Hospital de Orbigo;2001-01-26;2200;0.00;5.52;84.90;0.00;3.10;295.20
LE06;Hospital de Orbigo;2001-01-26;2300;0.00;4.85;85.60;0.00;1.30;286.90
LE06;Hospital de Orbigo;2001-01-26;2400;0.00;4.83;86.10;0.00;2.52;297.70
LE07;Bustillo del Páramo;2001-01-26;0100;0.00;0.19;93.90;0.00;2.65;200.40
LE07;Bustillo del Páramo;2001-01-26;0200;0.00;0.87;93.40;0.00;3.02;199.00
LE07;Bustillo del Páramo;2001-01-26;0300;0.20;1.10;93.40;0.00;2.99;202.10
LE07;Bustillo del Páramo;2001-01-26;0400;0.00;1.21;93.60;0.00;2.79;203.60
LE07;Bustillo del Páramo;2001-01-26;0500;0.00;1.70;93.50;0.00;3.15;192.70
LE07;Bustillo del Páramo;2001-01-26;0600;0.00;2.17;93.90;0.00;3.66;188.90
LE07;Bustillo del Páramo;2001-01-26;0700;0.20;2.33;94.60;0.00;3.14;179.70
LE07;Bustillo del Páramo;2001-01-26;0800;0.40;2.43;94.20;0.34;3.86;183.40
LE07;Bustillo del Páramo;2001-01-26;0900;0.80;2.26;93.50;15.12;4.43;184.60
LE07;Bustillo del Páramo;2001-01-26;1000;0.60;2.50;93.10;46.01;4.94;189.40
LE07;Bustillo del Páramo;2001-01-26;1100;0.60;2.80;91.50;87.40;6.09;193.90
LE07;Bustillo del Páramo;2001-01-26;1200;0.60;3.15;91.70;117.50;5.39;190.60
LE07;Bustillo del Páramo;2001-01-26;1300;0.80;4.87;91.20;220.30;5.28;198.80
LE07;Bustillo del Páramo;2001-01-26;1400;0.40;6.23;90.30;162.00;3.93;217.30
LE07;Bustillo del Páramo;2001-01-26;1500;1.40;6.11;90.20;113.20;1.48;290.50
LE07;Bustillo del Páramo;2001-01-26;1600;1.40;5.70;91.70;51.39;0.78;287.50
LE07;Bustillo del Páramo;2001-01-26;1700;1.60;5.33;92.60;16.09;0.78;240.20
LE07;Bustillo del Páramo;2001-01-26;1800;2.80;5.23;94.40;2.91;1.22;281.20
LE07;Bustillo del Páramo;2001-01-26;1900;1.00;4.98;95.10;0.00;1.72;320.10
LE07;Bustillo del Páramo;2001-01-26;2000;1.20;4.32;94.40;0.00;2.18;324.10
LE07;Bustillo del Páramo;2001-01-26;2100;0.40;4.90;91.50;0.00;2.40;249.30
LE07;Bustillo del Páramo;2001-01-26;2200;0.00;4.84;89.00;0.00;2.81;266.60
LE07;Bustillo del Páramo;2001-01-26;2300;0.00;3.58;91.20;0.01;2.89;293.20
LE07;Bustillo del Páramo;2001-01-26;2400;0.00;4.18;90.60;0.02;3.21;280.20
LE08;Sahagún;2001-01-26;0100;0.00;-0.19;95.60;0.00;1.37;222.10
LE08;Sahagún;2001-01-26;0200;0.00;-0.10;96.10;0.00;1.60;219.30
LE08;Sahagún;2001-01-26;0300;0.00;0.53;96.00;0.00;1.42;220.80
LE08;Sahagún;2001-01-26;0400;0.00;1.47;96.00;0.00;2.21;223.10
LE08;Sahagún;2001-01-26;0500;0.00;1.98;94.90;0.00;3.01;220.60
LE08;Sahagún;2001-01-26;0600;0.00;2.15;95.20;0.00;3.35;218.00
LE08;Sahagún;2001-01-26;0700;0.40;2.36;95.80;0.00;4.09;214.70
LE08;Sahagún;2001-01-26;0800;0.60;2.65;96.10;0.22;4.07;215.00
LE08;Sahagún;2001-01-26;0900;1.40;2.86;95.50;6.83;4.32;213.60
LE08;Sahagún;2001-01-26;1000;0.80;3.01;94.50;26.74;4.59;211.70
LE08;Sahagún;2001-01-26;1100;1.80;3.52;93.50;44.60;4.54;221.10
LE08;Sahagún;2001-01-26;1200;0.80;3.93;93.10;61.07;3.81;222.20
LE08;Sahagún;2001-01-26;1300;1.20;4.66;93.70;62.12;3.50;220.50
LE08;Sahagún;2001-01-26;1400;0.20;5.59;93.80;80.30;3.32;221.30
LE08;Sahagún;2001-01-26;1500;0.40;6.46;94.90;65.55;3.17;223.70
LE08;Sahagún;2001-01-26;1600;0.60;7.40;94.60;45.74;3.03;225.30
LE08;Sahagún;2001-01-26;1700;0.40;8.10;94.10;19.53;3.32;226.80
LE08;Sahagún;2001-01-26;1800;0.40;8.20;95.20;2.02;3.60;220.90
LE08;Sahagún;2001-01-26;1900;2.80;8.42;95.60;0.00;2.89;250.50
LE08;Sahagún;2001-01-26;2000;1.20;6.57;93.80;0.00;3.98;328.90
LE08;Sahagún;2001-01-26;2100;1.80;5.73;93.30;0.00;2.22;312.30
LE08;Sahagún;2001-01-26;2200;0.20;5.56;89.10;0.00;1.88;294.40
LE08;Sahagún;2001-01-26;2300;0.00;5.10;88.80;0.00;2.62;294.30
LE08;Sahagún;2001-01-26;2400;0.00;4.75;88.90;0.00;4.88;298.40
LE09;Santas Martas;2001-01-26;0100;0.00;0.02;94.10;0.00;3.96;223.00
LE09;Santas Martas;2001-01-26;0200;0.00;0.38;93.90;0.00;3.31;217.60
LE09;Santas Martas;2001-01-26;0300;0.00;0.95;94.00;0.00;4.19;219.30
LE09;Santas Martas;2001-01-26;0400;0.00;1.58;93.50;0.00;5.06;213.20
LE09;Santas Martas;2001-01-26;0500;0.00;1.79;93.50;0.00;4.56;204.10
LE09;Santas Martas;2001-01-26;0600;0.00;2.08;93.70;0.00;5.37;196.40
LE09;Santas Martas;2001-01-26;0700;0.20;2.41;94.10;0.00;6.32;196.70
LE09;Santas Martas;2001-01-26;0800;0.40;2.70;93.80;0.23;6.65;201.10
LE09;Santas Martas;2001-01-26;0900;1.40;2.72;92.80;7.70;6.95;203.10
LE09;Santas Martas;2001-01-26;1000;0.60;2.93;92.80;32.28;7.26;199.70
LE09;Santas Martas;2001-01-26;1100;1.00;3.32;91.80;51.23;8.04;212.80
LE09;Santas Martas;2001-01-26;1200;0.40;3.69;91.80;81.00;7.01;210.50
LE09;Santas Martas;2001-01-26;1300;0.80;4.64;93.00;77.30;5.76;208.30
LE09;Santas Martas;2001-01-26;1400;0.20;5.81;93.00;85.10;5.99;215.90
LE09;Santas Martas;2001-01-26;1500;0.40;6.68;92.90;76.20;6.95;219.00
LE09;Santas Martas;2001-01-26;1600;0.40;7.26;93.30;63.79;6.96;227.00
LE09;Santas Martas;2001-01-26;1700;0.60;7.45;94.30;17.10;6.36;234.30
LE09;Santas Martas;2001-01-26;1800;1.00;7.75;95.10;2.20;6.02;232.40
LE09;Santas Martas;2001-01-26;1900;1.60;6.28;94.80;0.00;4.17;285.50
LE09;Santas Martas;2001-01-26;2000;1.60;5.27;93.80;0.00;3.09;321.50
LE09;Santas Martas;2001-01-26;2100;1.60;5.14;92.20;0.00;2.83;274.00
LE09;Santas Martas;2001-01-26;2200;0.20;4.80;91.60;0.00;2.88;271.50
LE09;Santas Martas;2001-01-26;2300;0.00;4.11;92.00;0.00;3.37;264.70
LE09;Santas Martas;2001-01-26;2400;0.00;3.85;91.70;0.00;4.53;277.10
P01;Torquemada;2001-01-26;0100;0.00;1.04;90.70;0.00;3.99;238.40
P01;Torquemada;2001-01-26;0200;0.00;0.83;92.10;0.00;4.24;230.60
P01;Torquemada;2001-01-26;0300;0.00;1.49;92.20;0.00;3.81;232.70
P01;Torquemada;2001-01-26;0400;0.20;1.97;91.80;0.00;4.20;227.60
P01;Torquemada;2001-01-26;0500;0.00;2.18;92.30;0.00;3.86;224.40
P01;Torquemada;2001-01-26;0600;0.00;2.60;90.90;0.00;4.54;225.70
P01;Torquemada;2001-01-26;0700;0.20;2.91;89.50;0.00;4.45;224.30
P01;Torquemada;2001-01-26;0800;1.00;3.12;90.30;0.93;5.06;221.50
P01;Torquemada;2001-01-26;0900;1.20;3.29;89.70;9.13;5.67;220.60
P01;Torquemada;2001-01-26;1000;1.00;3.63;89.20;31.22;5.60;218.30
P01;Torquemada;2001-01-26;1100;0.80;4.30;88.00;42.75;6.37;218.10
P01;Torquemada;2001-01-26;1200;0.80;4.58;88.60;60.00;7.26;225.00
P01;Torquemada;2001-01-26;1300;0.00;5.45;87.80;75.20;7.61;229.50
P01;Torquemada;2001-01-26;1400;0.00;6.60;87.20;96.50;7.69;230.30
P01;Torquemada;2001-01-26;1500;0.00;7.95;85.40;36.86;7.39;233.00
P01;Torquemada;2001-01-26;1600;0.20;8.73;85.70;24.68;7.77;232.80
P01;Torquemada;2001-01-26;1700;0.00;9.17;87.00;18.82;8.13;236.90
P01;Torquemada;2001-01-26;1800;0.40;9.28;88.10;0.85;8.49;235.00
P01;Torquemada;2001-01-26;1900;0.20;9.49;88.10;0.00;8.01;233.90
P01;Torquemada;2001-01-26;2000;0.20;9.89;87.40;0.00;7.67;241.90
P01;Torquemada;2001-01-26;2100;2.40;9.55;87.40;0.00;6.16;275.60
P01;Torquemada;2001-01-26;2200;1.20;7.40;85.50;0.00;2.93;295.80
P01;Torquemada;2001-01-26;2300;0.20;6.89;84.70;0.00;1.84;259.80
P01;Torquemada;2001-01-26;2400;0.00;5.81;87.30;0.00;1.51;239.60
P02;Villamuriel de Cerrato;2001-01-26;0100;0.00;1.15;90.90;0.02;3.65;230.90
P02;Villamuriel de Cerrato;2001-01-26;0200;0.00;1.49;90.60;0.01;3.87;241.20
P02;Villamuriel de Cerrato;2001-01-26;0300;0.00;1.91;91.30;0.02;3.34;229.00
P02;Villamuriel de Cerrato;2001-01-26;0400;0.00;2.31;91.00;0.02;3.74;233.10
P02;Villamuriel de Cerrato;2001-01-26;0500;0.00;2.70;90.40;0.00;4.02;230.20
P02;Villamuriel de Cerrato;2001-01-26;0600;0.00;2.88;89.50;0.00;4.53;230.60
P02;Villamuriel de Cerrato;2001-01-26;0700;0.20;2.86;90.80;0.00;4.78;229.60
P02;Villamuriel de Cerrato;2001-01-26;0800;0.80;3.01;92.10;0.52;4.81;220.60
P02;Villamuriel de Cerrato;2001-01-26;0900;0.80;3.29;92.30;8.71;5.04;222.00
P02;Villamuriel de Cerrato;2001-01-26;1000;0.80;3.67;92.10;37.40;5.45;220.60
P02;Villamuriel de Cerrato;2001-01-26;1100;0.80;4.29;91.00;59.23;6.26;225.10
P02;Villamuriel de Cerrato;2001-01-26;1200;0.40;4.86;90.10;110.90;6.29;230.20
P02;Villamuriel de Cerrato;2001-01-26;1300;0.00;5.99;87.90;114.40;6.68;230.90
P02;Villamuriel de Cerrato;2001-01-26;1400;0.00;7.46;85.90;144.30;7.48;234.60
P02;Villamuriel de Cerrato;2001-01-26;1500;0.00;8.91;82.90;86.50;7.42;242.60
P02;Villamuriel de Cerrato;2001-01-26;1600;0.20;9.34;84.70;52.65;7.50;247.10
P02;Villamuriel de Cerrato;2001-01-26;1700;0.00;9.73;85.80;37.99;7.26;245.50
P02;Villamuriel de Cerrato;2001-01-26;1800;0.00;9.82;86.30;1.28;6.76;249.20
P02;Villamuriel de Cerrato;2001-01-26;1900;0.00;9.95;87.00;0.00;6.81;250.40
P02;Villamuriel de Cerrato;2001-01-26;2000;0.40;10.08;88.20;0.00;6.43;260.50
P02;Villamuriel de Cerrato;2001-01-26;2100;1.80;9.96;88.40;0.00;5.91;282.20
P02;Villamuriel de Cerrato;2001-01-26;2200;0.80;7.53;89.70;0.00;4.01;343.80
P02;Villamuriel de Cerrato;2001-01-26;2300;0.20;7.30;84.10;0.00;2.64;295.00
P02;Villamuriel de Cerrato;2001-01-26;2400;0.00;6.40;85.10;0.00;3.11;331.30
P03;Fuentes de Nava;2001-01-26;0100;0.00;0.95;92.90;0.00;4.30;241.90
P03;Fuentes de Nava;2001-01-26;0200;0.00;1.34;93.10;0.00;3.50;231.10
P03;Fuentes de Nava;2001-01-26;0300;0.00;1.87;92.40;0.00;3.49;227.70
P03;Fuentes de Nava;2001-01-26;0400;0.00;2.45;92.10;0.00;5.08;235.80
P03;Fuentes de Nava;2001-01-26;0500;0.00;2.78;90.60;0.00;5.00;230.30
P03;Fuentes de Nava;2001-01-26;0600;0.00;2.81;90.40;0.00;4.14;220.40
P03;Fuentes de Nava;2001-01-26;0700;0.40;3.03;90.80;0.00;4.99;218.10
P03;Fuentes de Nava;2001-01-26;0800;0.60;3.24;91.90;0.44;5.44;214.50
P03;Fuentes de Nava;2001-01-26;0900;1.00;3.25;91.90;8.43;5.98;212.70
P03;Fuentes de Nava;2001-01-26;1000;1.00;3.57;91.50;33.79;6.08;210.90
P03;Fuentes de Nava;2001-01-26;1100;0.60;4.37;90.30;59.85;6.37;222.20
P03;Fuentes de Nava;2001-01-26;1200;0.40;5.15;88.40;95.10;6.81;228.20
P03;Fuentes de Nava;2001-01-26;1300;0.00;6.18;87.30;79.90;7.30;232.60
P03;Fuentes de Nava;2001-01-26;1400;0.00;7.38;87.30;100.70;8.45;236.80
P03;Fuentes de Nava;2001-01-26;1500;0.40;8.36;86.80;63.10;8.98;241.20
P03;Fuentes de Nava;2001-01-26;1600;0.20;8.59;89.30;54.09;8.61;241.60
P03;Fuentes de Nava;2001-01-26;1700;0.40;8.90;90.20;22.66;8.53;240.80
P03;Fuentes de Nava;2001-01-26;1800;0.00;8.92;91.60;1.25;8.25;240.00
P03;Fuentes de Nava;2001-01-26;1900;0.40;9.04;92.10;0.00;7.87;240.70
P03;Fuentes de Nava;2001-01-26;2000;0.20;9.29;92.10;0.00;7.52;248.70
P03;Fuentes de Nava;2001-01-26;2100;4.00;8.23;91.60;0.00;5.95;314.90
P03;Fuentes de Nava;2001-01-26;2200;0.80;6.86;90.00;0.00;2.94;313.70
P03;Fuentes de Nava;2001-01-26;2300;0.00;6.48;88.70;0.00;3.23;270.90
P03;Fuentes de Nava;2001-01-26;2400;0.00;5.73;87.30;0.00;3.56;290.60
P04;Villoldo;2001-01-26;0100;0.00;0.33;94.70;0.00;5.24;245.60
P04;Villoldo;2001-01-26;0200;0.00;0.78;93.60;0.00;5.12;242.20
P04;Villoldo;2001-01-26;0300;0.00;1.26;93.70;0.00;4.29;237.90
P04;Villoldo;2001-01-26;0400;0.00;1.58;94.50;0.00;4.19;228.10
P04;Villoldo;2001-01-26;0500;0.00;2.19;93.60;0.00;5.29;233.30
P04;Villoldo;2001-01-26;0600;0.00;2.39;92.60;0.00;6.12;230.90
P04;Villoldo;2001-01-26;0700;0.40;2.58;92.40;0.00;5.95;226.30
P04;Villoldo;2001-01-26;0800;1.00;2.71;93.40;0.43;6.29;220.70
P04;Villoldo;2001-01-26;0900;1.40;2.86;93.10;8.62;6.79;220.90
P04;Villoldo;2001-01-26;1000;1.20;2.92;93.00;26.22;6.90;219.30
P04;Villoldo;2001-01-26;1100;1.40;3.55;92.30;52.94;7.23;226.80
P04;Villoldo;2001-01-26;1200;1.00;4.17;90.60;61.74;8.00;234.00
P04;Villoldo;2001-01-26;1300;0.60;5.01;91.00;82.10;8.07;237.40
P04;Villoldo;2001-01-26;1400;0.20;6.01;91.50;76.60;7.18;238.40
P04;Villoldo;2001-01-26;1500;0.20;7.22;91.50;64.59;8.30;245.50
P04;Villoldo;2001-01-26;1600;0.40;7.73;92.10;40.70;8.90;243.80
P04;Villoldo;2001-01-26;1700;0.00;8.18;92.90;17.93;8.76;243.10
P04;Villoldo;2001-01-26;1800;0.20;8.43;93.70;1.35;8.64;242.50
P04;Villoldo;2001-01-26;1900;1.40;8.67;94.20;0.00;8.28;246.40
P04;Villoldo;2001-01-26;2000;1.40;8.69;93.80;0.00;6.53;275.10
P04;Villoldo;2001-01-26;2100;1.00;7.05;89.50;0.00;5.60;320.60
P04;Villoldo;2001-01-26;2200;0.40;6.37;85.90;0.00;4.16;271.60
P04;Villoldo;2001-01-26;2300;0.00;5.79;87.80;0.00;3.44;284.40
P04;Villoldo;2001-01-26;2400;0.00;5.04;88.70;0.00;2.76;306.80
P05;Lantadilla;2001-01-26;0100;0.00;0.62;93.40;0.00;4.94;244.30
P05;Lantadilla;2001-01-26;0200;0.00;0.89;93.00;0.00;5.02;246.90
P05;Lantadilla;2001-01-26;0300;0.00;1.29;92.30;0.00;4.34;242.80
P05;Lantadilla;2001-01-26;0400;0.00;1.77;92.50;0.00;4.28;236.20
P05;Lantadilla;2001-01-26;0500;0.00;2.28;92.70;0.00;5.53;237.20
P05;Lantadilla;2001-01-26;0600;0.00;2.52;91.70;0.00;5.71;235.00
P05;Lantadilla;2001-01-26;0700;0.20;2.67;91.30;0.00;5.89;229.20
P05;Lantadilla;2001-01-26;0800;0.80;2.89;91.60;0.77;6.10;221.50
P05;Lantadilla;2001-01-26;0900;1.00;2.74;91.70;11.79;6.36;214.70
P05;Lantadilla;2001-01-26;1000;1.20;2.96;90.80;30.03;7.28;219.40
P05;Lantadilla;2001-01-26;1100;1.20;3.43;90.90;53.64;7.14;221.60
P05;Lantadilla;2001-01-26;1200;1.40;4.20;90.60;65.93;7.29;231.20
P05;Lantadilla;2001-01-26;1300;0.40;4.88;90.30;58.52;6.68;236.00
P05;Lantadilla;2001-01-26;1400;0.20;5.90;89.70;65.87;6.99;238.30
P05;Lantadilla;2001-01-26;1500;0.40;7.02;90.40;46.00;7.10;242.60
P05;Lantadilla;2001-01-26;1600;0.00;7.78;90.40;41.97;8.18;243.30
P05;Lantadilla;2001-01-26;1700;0.00;8.27;90.70;18.28;8.12;243.40
P05;Lantadilla;2001-01-26;1800;0.00;8.58;91.20;2.52;8.56;241.40
P05;Lantadilla;2001-01-26;1900;0.40;8.68;92.40;0.00;7.86;244.40
P05;Lantadilla;2001-01-26;2000;1.00;8.69;92.30;0.00;6.56;279.10
P05;Lantadilla;2001-01-26;2100;1.80;7.06;90.30;0.00;4.14;314.40
P05;Lantadilla;2001-01-26;2200;0.20;6.46;88.90;0.00;2.71;280.20
P05;Lantadilla;2001-01-26;2300;0.00;5.95;86.50;0.00;3.34;281.70
P05;Lantadilla;2001-01-26;2400;0.00;5.00;89.10;0.00;3.29;279.70
P06;Herrera de Pisuerga;2001-01-26;0100;0.00;0.61;91.90;0.00;4.89;240.20
P06;Herrera de Pisuerga;2001-01-26;0200;0.00;0.58;92.70;0.00;4.21;238.00
P06;Herrera de Pisuerga;2001-01-26;0300;0.00;1.04;91.60;0.00;4.97;234.60
P06;Herrera de Pisuerga;2001-01-26;0400;0.00;1.32;93.20;0.00;4.59;229.00
P06;Herrera de Pisuerga;2001-01-26;0500;0.00;1.77;94.20;0.00;4.29;217.90
P06;Herrera de Pisuerga;2001-01-26;0600;0.00;2.29;93.10;0.00;4.46;216.40
P06;Herrera de Pisuerga;2001-01-26;0700;0.60;2.44;93.20;0.00;5.61;214.10
P06;Herrera de Pisuerga;2001-01-26;0800;1.00;2.52;93.20;0.63;6.61;210.60
P06;Herrera de Pisuerga;2001-01-26;0900;1.60;2.62;93.10;10.72;6.89;203.20
P06;Herrera de Pisuerga;2001-01-26;1000;2.00;2.40;93.20;28.10;7.06;203.60
P06;Herrera de Pisuerga;2001-01-26;1100;1.80;2.74;93.20;43.32;6.64;205.80
P06;Herrera de Pisuerga;2001-01-26;1200;2.00;3.68;91.80;72.00;7.03;215.30
P06;Herrera de Pisuerga;2001-01-26;1300;0.80;4.35;92.10;90.10;6.68;218.90
P06;Herrera de Pisuerga;2001-01-26;1400;0.40;5.27;92.00;60.89;5.66;221.90
P06;Herrera de Pisuerga;2001-01-26;1500;1.00;6.16;93.10;48.02;5.93;228.40
P06;Herrera de Pisuerga;2001-01-26;1600;0.20;7.13;93.00;36.18;7.13;229.40
P06;Herrera de Pisuerga;2001-01-26;1700;0.00;7.69;93.00;9.37;6.96;227.70
P06;Herrera de Pisuerga;2001-01-26;1800;0.00;8.18;93.00;1.02;7.30;230.50
P06;Herrera de Pisuerga;2001-01-26;1900;1.40;8.55;93.10;0.00;7.18;235.90
P06;Herrera de Pisuerga;2001-01-26;2000;2.80;7.88;91.00;0.00;4.77;293.40
P06;Herrera de Pisuerga;2001-01-26;2100;1.20;6.75;86.90;0.00;3.91;283.20
P06;Herrera de Pisuerga;2001-01-26;2200;0.00;6.05;87.90;0.00;4.25;252.90
P06;Herrera de Pisuerga;2001-01-26;2300;0.00;5.57;86.80;0.00;4.35;258.00
P06;Herrera de Pisuerga;2001-01-26;2400;0.00;5.01;86.30;0.00;2.66;277.90
P07;Villaluenga de la Vega;2001-01-26;0100;0.00;-0.06;95.00;0.00;3.18;277.10
P07;Villaluenga de la Vega;2001-01-26;0200;0.00;-0.06;95.50;0.00;2.82;275.40
P07;Villaluenga de la Vega;2001-01-26;0300;0.00;0.18;95.80;0.00;2.39;267.90
P07;Villaluenga de la Vega;2001-01-26;0400;0.00;0.37;97.10;0.00;1.83;251.20
P07;Villaluenga de la Vega;2001-01-26;0500;0.20;1.14;97.30;0.00;2.96;263.60
P07;Villaluenga de la Vega;2001-01-26;0600;0.00;1.52;96.80;0.00;3.17;259.50
P07;Villaluenga de la Vega;2001-01-26;0700;0.60;1.66;97.50;0.00;3.48;255.60
P07;Villaluenga de la Vega;2001-01-26;0800;1.00;1.93;96.60;0.45;3.77;252.70
P07;Villaluenga de la Vega;2001-01-26;0900;2.20;2.08;95.70;8.13;3.66;252.40
P07;Villaluenga de la Vega;2001-01-26;1000;2.20;1.95;95.60;18.37;3.17;247.10
P07;Villaluenga de la Vega;2001-01-26;1100;1.60;2.60;94.90;50.35;4.02;254.00
P07;Villaluenga de la Vega;2001-01-26;1200;1.00;3.09;94.10;83.20;4.38;263.00
P07;Villaluenga de la Vega;2001-01-26;1300;0.80;3.97;94.40;104.60;4.31;268.10
P07;Villaluenga de la Vega;2001-01-26;1400;1.20;4.81;94.90;99.90;4.60;270.50
P07;Villaluenga de la Vega;2001-01-26;1500;1.00;5.44;95.60;45.95;3.83;279.40
P07;Villaluenga de la Vega;2001-01-26;1600;0.40;6.54;95.20;52.03;4.29;282.10
P07;Villaluenga de la Vega;2001-01-26;1700;0.20;7.41;94.70;24.22;5.19;278.10
P07;Villaluenga de la Vega;2001-01-26;1800;0.80;7.80;94.90;2.23;5.19;277.20
P07;Villaluenga de la Vega;2001-01-26;1900;3.40;7.25;94.60;0.00;4.26;310.90
P07;Villaluenga de la Vega;2001-01-26;2000;1.80;5.67;93.30;0.00;2.98;342.20
P07;Villaluenga de la Vega;2001-01-26;2100;1.60;5.28;91.30;0.00;2.44;313.80
P07;Villaluenga de la Vega;2001-01-26;2200;0.00;4.81;90.80;0.00;2.63;301.50
P07;Villaluenga de la Vega;2001-01-26;2300;0.00;4.20;90.50;0.00;3.25;316.30
P07;Villaluenga de la Vega;2001-01-26;2400;0.00;2.75;93.50;0.00;1.04;44.19
SA01;Ciudad Rodrigo;2001-01-26;0100;0.00;3.67;86.60;0.00;1.03;165.10
SA01;Ciudad Rodrigo;2001-01-26;0200;0.00;3.76;85.60;0.00;1.38;170.40
SA01;Ciudad Rodrigo;2001-01-26;0300;0.00;3.91;86.40;0.00;1.54;168.30
SA01;Ciudad Rodrigo;2001-01-26;0400;0.00;3.87;87.60;0.00;1.88;182.60
SA01;Ciudad Rodrigo;2001-01-26;0500;0.00;4.28;87.20;0.00;2.40;190.40
SA01;Ciudad Rodrigo;2001-01-26;0600;0.00;4.57;87.60;0.00;2.74;189.00
SA01;Ciudad Rodrigo;2001-01-26;0700;0.00;5.03;88.40;0.00;2.31;186.80
SA01;Ciudad Rodrigo;2001-01-26;0800;0.00;5.42;86.00;1.15;2.29;189.50
SA01;Ciudad Rodrigo;2001-01-26;0900;0.20;5.90;86.10;20.80;2.29;194.80
SA01;Ciudad Rodrigo;2001-01-26;1000;0.00;6.66;84.80;52.86;2.79;188.70
SA01;Ciudad Rodrigo;2001-01-26;1100;0.20;7.25;84.90;75.10;2.99;194.60
SA01;Ciudad Rodrigo;2001-01-26;1200;0.60;7.60;86.60;94.70;3.30;188.30
SA01;Ciudad Rodrigo;2001-01-26;1300;0.40;8.38;86.50;162.40;3.87;192.90
SA01;Ciudad Rodrigo;2001-01-26;1400;0.80;9.05;86.50;121.70;3.51;198.00
SA01;Ciudad Rodrigo;2001-01-26;1500;0.80;9.43;87.40;69.86;2.86;197.60
SA01;Ciudad Rodrigo;2001-01-26;1600;1.00;9.79;88.30;41.84;2.61;198.90
SA01;Ciudad Rodrigo;2001-01-26;1700;2.40;10.15;89.10;11.32;2.47;206.60
SA01;Ciudad Rodrigo;2001-01-26;1800;3.00;10.30;90.20;1.97;2.55;208.80
SA01;Ciudad Rodrigo;2001-01-26;1900;0.20;10.50;89.90;0.00;2.94;216.20
SA01;Ciudad Rodrigo;2001-01-26;2000;0.80;10.47;91.40;0.00;2.25;220.20
SA01;Ciudad Rodrigo;2001-01-26;2100;0.00;10.91;90.20;0.00;1.98;236.70
SA01;Ciudad Rodrigo;2001-01-26;2200;0.00;11.88;85.80;0.00;3.62;261.80
SA01;Ciudad Rodrigo;2001-01-26;2300;0.00;12.01;85.00;0.00;3.38;259.00
SA01;Ciudad Rodrigo;2001-01-26;2400;0.00;11.80;85.70;0.00;2.82;260.00
SA02;Aldearrubia;2001-01-26;0100;0.00;2.50;90.60;0.00;2.48;250.30
SA02;Aldearrubia;2001-01-26;0200;0.00;2.20;91.10;0.01;2.17;249.30
SA02;Aldearrubia;2001-01-26;0300;0.00;2.30;90.90;0.01;1.72;235.10
SA02;Aldearrubia;2001-01-26;0400;0.00;2.48;90.90;0.00;1.83;217.20
SA02;Aldearrubia;2001-01-26;0500;0.00;2.86;89.80;0.00;1.94;221.50
SA02;Aldearrubia;2001-01-26;0600;0.00;2.99;89.80;0.00;2.40;207.60
SA02;Aldearrubia;2001-01-26;0700;0.00;3.27;89.50;0.01;2.30;216.60
SA02;Aldearrubia;2001-01-26;0800;0.00;3.64;89.30;1.22;2.81;212.20
SA02;Aldearrubia;2001-01-26;0900;0.20;3.90;88.80;31.62;3.03;218.60
SA02;Aldearrubia;2001-01-26;1000;0.20;4.72;87.30;95.30;3.72;225.10
SA02;Aldearrubia;2001-01-26;1100;0.40;5.48;86.60;93.00;4.22;218.80
SA02;Aldearrubia;2001-01-26;1200;0.20;6.14;86.90;182.80;4.35;225.80
SA02;Aldearrubia;2001-01-26;1300;0.00;7.83;82.30;387.70;4.97;226.50
SA02;Aldearrubia;2001-01-26;1400;0.00;8.22;80.40;195.80;4.89;225.10
SA02;Aldearrubia;2001-01-26;1500;0.20;8.61;81.50;118.00;4.70;231.90
SA02;Aldearrubia;2001-01-26;1600;0.40;8.29;86.30;50.56;3.96;231.40
SA02;Aldearrubia;2001-01-26;1700;0.00;8.59;86.60;21.16;4.46;236.50
SA02;Aldearrubia;2001-01-26;1800;1.40;9.07;87.60;1.74;4.81;242.20
SA02;Aldearrubia;2001-01-26;1900;0.60;9.53;88.90;0.00;4.65;242.60
SA02;Aldearrubia;2001-01-26;2000;0.20;9.48;91.30;0.00;4.29;248.90
SA02;Aldearrubia;2001-01-26;2100;0.20;9.67;92.00;0.00;4.66;256.80
SA02;Aldearrubia;2001-01-26;2200;0.00;10.05;91.40;0.00;4.83;260.80
SA02;Aldearrubia;2001-01-26;2300;0.00;10.34;91.10;0.00;4.65;262.80
SA02;Aldearrubia;2001-01-26;2400;4.20;7.86;92.10;0.00;2.09;319.60
SG01;Gomezserracín;2001-01-26;0100;0.00;1.50;92.50;0.00;0.01;216.40
SG01;Gomezserracín;2001-01-26;0200;0.00;1.56;92.00;0.00;0.01;205.50
SG01;Gomezserracín;2001-01-26;0300;0.00;1.88;90.90;0.00;0.02;205.50
SG01;Gomezserracín;2001-01-26;0400;0.00;2.16;89.60;0.00;0.09;216.60
SG01;Gomezserracín;2001-01-26;0500;0.00;2.10;89.80;0.00;0.01;202.90
SG01;Gomezserracín;2001-01-26;0600;0.00;2.54;86.70;0.00;0.01;196.50
SG01;Gomezserracín;2001-01-26;0700;0.00;2.79;84.90;0.00;0.01;190.50
SG01;Gomezserracín;2001-01-26;0800;0.80;2.68;89.20;1.08;0.36;181.90
SG01;Gomezserracín;2001-01-26;0900;1.00;3.03;92.20;12.34;0.14;185.70
SG01;Gomezserracín;2001-01-26;1000;1.00;3.59;92.40;39.45;0.32;188.60
SG01;Gomezserracín;2001-01-26;1100;0.40;3.82;91.40;77.60;0.39;179.20
SG01;Gomezserracín;2001-01-26;1200;1.60;4.55;91.10;76.40;0.29;188.30
SG01;Gomezserracín;2001-01-26;1300;0.20;5.94;85.80;94.90;1.88;204.00
SG01;Gomezserracín;2001-01-26;1400;0.20;7.54;79.50;89.60;4.95;216.70
SG01;Gomezserracín;2001-01-26;1500;0.00;9.04;75.20;103.40;7.62;229.70
SG01;Gomezserracín;2001-01-26;1600;0.00;9.52;76.60;46.08;7.23;229.50
SG01;Gomezserracín;2001-01-26;1700;0.00;9.60;77.90;17.24;7.29;230.40
SG01;Gomezserracín;2001-01-26;1800;0.00;9.64;79.40;1.39;7.38;231.50
SG01;Gomezserracín;2001-01-26;1900;0.80;9.42;84.50;0.04;7.44;235.30
SG01;Gomezserracín;2001-01-26;2000;0.60;9.18;88.90;0.02;6.39;232.50
SG01;Gomezserracín;2001-01-26;2100;0.40;9.14;91.50;0.01;5.75;233.30
SG01;Gomezserracín;2001-01-26;2200;0.00;9.45;91.80;0.02;4.98;234.40
SG01;Gomezserracín;2001-01-26;2300;2.00;8.07;91.10;0.01;3.63;305.60
SG01;Gomezserracín;2001-01-26;2400;1.00;6.65;91.60;0.00;0.01;270.20
SG02;Nava de la Asunción;2001-01-26;0100;0.00;2.12;88.20;0.00;3.36;203.30
SG02;Nava de la Asunción;2001-01-26;0200;0.00;2.11;88.40;0.00;3.29;197.40
SG02;Nava de la Asunción;2001-01-26;0300;0.00;2.48;86.90;0.00;3.99;196.20
SG02;Nava de la Asunción;2001-01-26;0400;0.00;2.62;86.90;0.00;4.00;200.50
SG02;Nava de la Asunción;2001-01-26;0500;0.00;2.78;84.60;0.00;3.82;193.90
SG02;Nava de la Asunción;2001-01-26;0600;0.00;3.02;82.90;0.00;3.61;187.90
SG02;Nava de la Asunción;2001-01-26;0700;0.00;3.24;82.20;0.00;3.04;164.10
SG02;Nava de la Asunción;2001-01-26;0800;0.60;3.47;85.60;1.16;4.17;164.70
SG02;Nava de la Asunción;2001-01-26;0900;0.40;3.74;87.80;10.92;4.09;161.40
SG02;Nava de la Asunción;2001-01-26;1000;0.60;4.25;87.50;54.65;4.22;159.00
SG02;Nava de la Asunción;2001-01-26;1100;0.20;4.63;86.30;87.20;3.96;150.60
SG02;Nava de la Asunción;2001-01-26;1200;0.20;6.27;80.00;83.70;5.03;177.30
SG02;Nava de la Asunción;2001-01-26;1300;0.00;7.52;75.50;154.70;6.96;193.00
SG02;Nava de la Asunción;2001-01-26;1400;0.00;8.73;73.70;131.50;7.61;197.20
SG02;Nava de la Asunción;2001-01-26;1500;0.00;10.03;71.80;223.00;10.32;206.10
SG02;Nava de la Asunción;2001-01-26;1600;0.00;10.44;72.90;136.00;10.75;207.50
SG02;Nava de la Asunción;2001-01-26;1700;0.00;10.11;76.30;36.18;9.72;206.20
SG02;Nava de la Asunción;2001-01-26;1800;0.00;10.15;77.60;3.33;9.54;207.90
SG02;Nava de la Asunción;2001-01-26;1900;0.40;9.94;82.10;0.01;9.78;209.60
SG02;Nava de la Asunción;2001-01-26;2000;0.80;9.77;85.60;0.02;9.53;210.40
SG02;Nava de la Asunción;2001-01-26;2100;0.00;9.65;89.20;0.02;8.79;208.80
SG02;Nava de la Asunción;2001-01-26;2200;0.20;9.61;92.30;0.02;8.27;211.50
SG02;Nava de la Asunción;2001-01-26;2300;2.80;8.77;91.50;0.01;7.24;261.90
SG02;Nava de la Asunción;2001-01-26;2400;0.80;6.99;92.70;0.02;2.40;254.70
SO01;Almazán;2001-01-26;0100;0.00;1.16;85.40;0.00;5.95;275.60
SO01;Almazán;2001-01-26;0200;0.00;1.14;84.60;0.00;4.99;275.60
SO01;Almazán;2001-01-26;0300;0.00;1.00;86.40;0.00;4.34;277.00
SO01;Almazán;2001-01-26;0400;0.00;1.21;86.50;0.00;3.76;275.60
SO01;Almazán;2001-01-26;0500;0.00;1.58;84.80;0.00;2.88;267.10
SO01;Almazán;2001-01-26;0600;0.00;1.75;83.10;0.00;2.42;246.90
SO01;Almazán;2001-01-26;0700;0.00;1.08;87.40;0.00;3.16;216.90
SO01;Almazán;2001-01-26;0800;0.00;0.93;89.90;5.39;4.06;226.30
SO01;Almazán;2001-01-26;0900;0.00;0.95;91.60;42.19;5.04;219.70
SO01;Almazán;2001-01-26;1000;0.00;1.27;91.60;76.80;6.38;212.30
SO01;Almazán;2001-01-26;1100;0.00;2.01;90.10;140.50;6.13;214.90
SO01;Almazán;2001-01-26;1200;0.40;2.83;88.40;130.90;6.65;222.10
SO01;Almazán;2001-01-26;1300;1.00;2.67;90.30;72.90;6.47;219.80
SO01;Almazán;2001-01-26;1400;1.20;2.93;90.10;78.40;6.62;222.10
SO01;Almazán;2001-01-26;1500;1.00;3.50;88.60;73.10;7.26;228.10
SO01;Almazán;2001-01-26;1600;0.60;3.88;89.30;53.70;7.45;231.50
SO01;Almazán;2001-01-26;1700;1.00;4.47;89.70;15.80;7.74;229.40
SO01;Almazán;2001-01-26;1800;1.00;4.92;89.70;0.60;7.79;225.20
SO01;Almazán;2001-01-26;1900;1.40;5.51;89.80;0.00;8.08;225.60
SO01;Almazán;2001-01-26;2000;1.40;5.76;90.50;0.00;7.08;227.40
SO01;Almazán;2001-01-26;2100;1.60;6.05;90.40;0.00;6.30;232.50
SO01;Almazán;2001-01-26;2200;0.80;6.46;90.70;0.00;5.00;235.60
SO01;Almazán;2001-01-26;2300;1.80;7.19;91.20;0.00;4.50;255.50
SO01;Almazán;2001-01-26;2400;1.60;6.53;89.00;0.00;3.83;295.70
SO02;San Esteban de Gormaz;2001-01-26;0100;0.00;2.01;81.20;0.00;5.25;263.30
SO02;San Esteban de Gormaz;2001-01-26;0200;0.00;1.92;82.60;0.00;4.26;267.80
SO02;San Esteban de Gormaz;2001-01-26;0300;0.00;1.90;84.10;0.00;3.61;271.70
SO02;San Esteban de Gormaz;2001-01-26;0400;0.00;2.15;84.80;0.00;3.26;266.10
SO02;San Esteban de Gormaz;2001-01-26;0500;0.00;2.44;85.50;0.00;3.91;250.40
SO02;San Esteban de Gormaz;2001-01-26;0600;0.00;2.52;84.70;0.00;4.70;246.50
SO02;San Esteban de Gormaz;2001-01-26;0700;0.00;2.55;83.70;0.00;4.27;238.50
SO02;San Esteban de Gormaz;2001-01-26;0800;0.00;2.86;82.70;2.50;4.38;233.10
SO02;San Esteban de Gormaz;2001-01-26;0900;0.00;3.08;85.00;26.83;3.96;227.30
SO02;San Esteban de Gormaz;2001-01-26;1000;0.20;3.34;86.60;49.36;4.76;227.10
SO02;San Esteban de Gormaz;2001-01-26;1100;0.20;4.26;85.10;79.20;4.42;226.90
SO02;San Esteban de Gormaz;2001-01-26;1200;0.20;5.38;81.10;69.07;5.11;232.50
SO02;San Esteban de Gormaz;2001-01-26;1300;0.40;5.84;80.80;69.53;5.94;231.90
SO02;San Esteban de Gormaz;2001-01-26;1400;0.20;6.35;80.40;56.62;7.05;238.40
SO02;San Esteban de Gormaz;2001-01-26;1500;0.00;7.05;80.30;45.42;7.90;238.20
SO02;San Esteban de Gormaz;2001-01-26;1600;0.40;7.53;82.40;29.22;9.54;232.40
SO02;San Esteban de Gormaz;2001-01-26;1700;1.80;7.67;86.60;10.94;9.21;230.30
SO02;San Esteban de Gormaz;2001-01-26;1800;0.40;8.03;87.80;0.91;7.98;229.30
SO02;San Esteban de Gormaz;2001-01-26;1900;0.80;8.45;88.90;0.00;8.84;232.60
SO02;San Esteban de Gormaz;2001-01-26;2000;0.40;8.92;87.10;0.00;8.29;237.90
SO02;San Esteban de Gormaz;2001-01-26;2100;0.80;9.11;87.60;0.00;7.46;243.00
SO02;San Esteban de Gormaz;2001-01-26;2200;0.40;9.20;89.00;0.00;6.79;248.40
SO02;San Esteban de Gormaz;2001-01-26;2300;2.80;7.78;89.20;0.00;4.86;287.50
SO02;San Esteban de Gormaz;2001-01-26;2400;1.20;6.92;87.30;0.00;3.63;272.40
SO03;Fuentecantos;2001-01-26;0100;0.00;0.59;86.10;0.00;5.13;247.10
SO03;Fuentecantos;2001-01-26;0200;0.00;0.27;88.70;0.00;4.68;248.70
SO03;Fuentecantos;2001-01-26;0300;0.00;0.29;84.90;0.00;6.35;251.80
SO03;Fuentecantos;2001-01-26;0400;0.00;0.27;87.00;0.00;4.58;240.10
SO03;Fuentecantos;2001-01-26;0500;0.00;0.56;86.20;0.00;4.28;231.50
SO03;Fuentecantos;2001-01-26;0600;0.00;0.37;93.50;0.00;3.46;229.60
SO03;Fuentecantos;2001-01-26;0700;0.00;0.45;95.10;0.00;3.37;229.20
SO03;Fuentecantos;2001-01-26;0800;0.00;0.73;93.90;6.29;4.59;225.10
SO03;Fuentecantos;2001-01-26;0900;0.00;0.96;92.70;26.33;4.21;211.50
SO03;Fuentecantos;2001-01-26;1000;0.20;0.59;94.90;55.52;3.91;187.80
SO03;Fuentecantos;2001-01-26;1100;0.20;0.87;95.00;153.20;5.88;204.60
SO03;Fuentecantos;2001-01-26;1200;0.40;0.89;95.50;120.60;4.76;206.20
SO03;Fuentecantos;2001-01-26;1300;0.60;0.56;96.40;64.77;4.17;208.10
SO03;Fuentecantos;2001-01-26;1400;0.80;0.40;97.20;82.70;4.57;214.00
SO03;Fuentecantos;2001-01-26;1500;1.40;0.70;96.90;125.10;4.59;207.40
SO03;Fuentecantos;2001-01-26;1600;2.40;1.39;96.20;80.30;4.03;211.10
SO03;Fuentecantos;2001-01-26;1700;2.40;1.98;96.60;20.79;3.39;199.20
SO03;Fuentecantos;2001-01-26;1800;3.40;2.56;96.70;0.62;3.24;201.00
SO03;Fuentecantos;2001-01-26;1900;3.60;3.02;96.50;0.00;3.62;204.50
SO03;Fuentecantos;2001-01-26;2000;4.60;3.92;96.20;0.00;2.40;212.70
SO03;Fuentecantos;2001-01-26;2100;2.60;4.67;96.60;0.00;0.35;171.40
SO03;Fuentecantos;2001-01-26;2200;1.40;5.79;96.50;0.00;1.12;282.70
SO03;Fuentecantos;2001-01-26;2300;2.00;6.01;93.80;0.00;2.10;288.10
SO03;Fuentecantos;2001-01-26;2400;0.40;5.25;92.70;0.00;1.62;194.70
VA01;Mayorga;2001-01-26;0100;0.00;0.56;92.80;0.00;2.59;210.10
VA01;Mayorga;2001-01-26;0200;0.00;1.23;92.30;0.00;4.45;220.90
VA01;Mayorga;2001-01-26;0300;0.00;1.81;92.80;0.00;3.45;207.50
VA01;Mayorga;2001-01-26;0400;0.00;2.39;91.90;0.00;3.26;197.60
VA01;Mayorga;2001-01-26;0500;0.00;2.52;92.40;0.00;3.91;188.70
VA01;Mayorga;2001-01-26;0600;0.00;2.78;92.70;0.00;4.07;189.10
VA01;Mayorga;2001-01-26;0700;0.20;3.15;93.10;0.00;4.37;189.10
VA01;Mayorga;2001-01-26;0800;0.40;3.45;93.50;0.49;4.62;190.50
VA01;Mayorga;2001-01-26;0900;0.60;3.63;92.70;15.17;4.84;192.80
VA01;Mayorga;2001-01-26;1000;0.60;4.03;92.00;46.57;5.50;191.80
VA01;Mayorga;2001-01-26;1100;1.00;4.46;91.70;65.45;4.71;201.20
VA01;Mayorga;2001-01-26;1200;0.40;5.04;91.60;79.20;4.91;197.20
VA01;Mayorga;2001-01-26;1300;0.40;5.88;91.70;74.80;4.73;201.50
VA01;Mayorga;2001-01-26;1400;0.00;6.99;91.00;59.11;6.30;209.70
VA01;Mayorga;2001-01-26;1500;0.60;7.78;92.30;40.42;5.92;212.70
VA01;Mayorga;2001-01-26;1600;0.60;8.66;92.30;48.47;6.42;213.10
VA01;Mayorga;2001-01-26;1700;0.80;8.91;93.00;21.58;6.26;213.30
VA01;Mayorga;2001-01-26;1800;0.60;9.12;93.70;1.90;5.79;209.70
VA01;Mayorga;2001-01-26;1900;0.60;9.27;93.60;0.02;5.55;217.20
VA01;Mayorga;2001-01-26;2000;2.20;9.32;92.90;0.01;4.62;236.40
VA01;Mayorga;2001-01-26;2100;1.20;6.98;90.30;0.00;2.37;294.70
VA01;Mayorga;2001-01-26;2200;0.60;6.02;91.10;0.00;1.53;243.50
VA01;Mayorga;2001-01-26;2300;0.00;5.95;87.30;0.00;2.46;262.10
VA01;Mayorga;2001-01-26;2400;0.00;5.17;87.30;0.00;1.72;266.30
VA02;Torrecilla de la Orden;2001-01-26;0100;0.00;2.21;91.10;0.00;6.53;233.40
VA02;Torrecilla de la Orden;2001-01-26;0200;0.00;2.27;92.20;0.00;6.22;230.70
VA02;Torrecilla de la Orden;2001-01-26;0300;0.00;2.40;90.60;0.00;6.36;224.90
VA02;Torrecilla de la Orden;2001-01-26;0400;0.00;2.66;88.10;0.00;5.41;213.80
VA02;Torrecilla de la Orden;2001-01-26;0500;0.00;2.65;89.40;0.00;4.73;210.50
VA02;Torrecilla de la Orden;2001-01-26;0600;0.00;2.82;89.60;0.00;4.86;207.20
VA02;Torrecilla de la Orden;2001-01-26;0700;0.20;3.06;90.30;0.00;5.82;204.60
VA02;Torrecilla de la Orden;2001-01-26;0800;0.00;3.29;91.50;0.95;5.65;203.10
VA02;Torrecilla de la Orden;2001-01-26;0900;0.00;3.78;89.40;26.01;6.32;207.70
VA02;Torrecilla de la Orden;2001-01-26;1000;0.00;4.46;87.10;86.80;7.16;208.80
VA02;Torrecilla de la Orden;2001-01-26;1100;0.00;5.45;85.90;135.30;8.99;212.90
VA02;Torrecilla de la Orden;2001-01-26;1200;0.20;6.39;84.10;235.40;10.83;217.10
VA02;Torrecilla de la Orden;2001-01-26;1300;0.00;7.65;81.20;339.40;11.86;217.20
VA02;Torrecilla de la Orden;2001-01-26;1400;0.00;8.82;79.30;357.80;12.42;217.60
VA02;Torrecilla de la Orden;2001-01-26;1500;0.00;8.88;81.60;195.10;11.26;216.70
VA02;Torrecilla de la Orden;2001-01-26;1600;0.00;8.61;85.00;73.70;9.53;212.90
VA02;Torrecilla de la Orden;2001-01-26;1700;0.00;9.29;84.80;24.40;8.71;216.70
VA02;Torrecilla de la Orden;2001-01-26;1800;0.20;9.24;87.40;1.71;9.96;222.30
VA02;Torrecilla de la Orden;2001-01-26;1900;0.00;9.38;89.80;0.01;10.93;228.10
VA02;Torrecilla de la Orden;2001-01-26;2000;0.40;9.25;92.40;0.01;9.72;228.40
VA02;Torrecilla de la Orden;2001-01-26;2100;0.00;9.56;92.00;0.02;9.09;236.10
VA02;Torrecilla de la Orden;2001-01-26;2200;0.00;10.04;91.00;0.00;9.09;241.70
VA02;Torrecilla de la Orden;2001-01-26;2300;4.60;8.04;90.80;0.00;5.13;313.60
VA02;Torrecilla de la Orden;2001-01-26;2400;0.40;6.79;92.70;0.03;3.22;282.10
VA03;Olmedo;2001-01-26;0100;0.00;1.76;91.40;0.00;3.79;215.40
VA03;Olmedo;2001-01-26;0200;0.00;2.17;91.00;0.00;3.39;207.80
VA03;Olmedo;2001-01-26;0300;0.00;2.74;89.40;0.00;4.50;210.90
VA03;Olmedo;2001-01-26;0400;0.00;2.59;89.60;0.00;4.10;210.00
VA03;Olmedo;2001-01-26;0500;0.00;2.82;87.60;0.00;4.34;209.90
VA03;Olmedo;2001-01-26;0600;0.00;3.35;85.00;0.00;4.58;199.10
VA03;Olmedo;2001-01-26;0700;0.00;3.60;85.00;0.00;5.11;194.90
VA03;Olmedo;2001-01-26;0800;0.20;3.88;87.90;1.01;5.39;186.10
VA03;Olmedo;2001-01-26;0900;0.40;4.34;89.10;11.35;5.42;190.40
VA03;Olmedo;2001-01-26;1000;0.40;4.87;88.00;57.57;5.70;188.80
VA03;Olmedo;2001-01-26;1100;0.00;5.89;85.50;104.30;6.80;191.90
VA03;Olmedo;2001-01-26;1200;0.00;6.57;82.80;111.30;8.38;199.10
VA03;Olmedo;2001-01-26;1300;0.00;7.42;80.60;175.70;8.82;202.50
VA03;Olmedo;2001-01-26;1400;0.00;8.69;77.80;205.60;10.17;209.50
VA03;Olmedo;2001-01-26;1500;0.00;9.60;76.70;196.80;10.85;210.10
VA03;Olmedo;2001-01-26;1600;0.00;9.42;80.30;132.50;10.54;209.60
VA03;Olmedo;2001-01-26;1700;0.00;9.26;82.50;43.17;9.39;210.80
VA03;Olmedo;2001-01-26;1800;0.00;9.29;84.00;4.18;9.15;211.50
VA03;Olmedo;2001-01-26;1900;0.60;9.10;89.00;0.00;8.55;212.70
VA03;Olmedo;2001-01-26;2000;0.60;9.18;90.90;0.00;8.24;215.40
VA03;Olmedo;2001-01-26;2100;0.00;9.53;91.50;0.00;7.96;217.10
VA03;Olmedo;2001-01-26;2200;0.20;9.93;92.30;0.00;8.08;219.80
VA03;Olmedo;2001-01-26;2300;3.20;7.89;92.00;0.00;4.10;313.40
VA03;Olmedo;2001-01-26;2400;0.40;7.00;92.20;0.00;1.58;257.70
VA04;Valladolid;2001-01-26;0100;0.00;1.95;90.20;0.00;3.73;221.00
VA04;Valladolid;2001-01-26;0200;0.00;1.91;90.50;0.00;3.81;215.60
VA04;Valladolid;2001-01-26;0300;0.00;1.88;92.00;0.00;3.69;214.50
VA04;Valladolid;2001-01-26;0400;0.00;2.36;91.40;0.00;3.71;215.00
VA04;Valladolid;2001-01-26;0500;0.00;2.88;89.10;0.00;4.16;213.70
VA04;Valladolid;2001-01-26;0600;0.00;2.96;88.60;0.00;4.64;212.70
VA04;Valladolid;2001-01-26;0700;0.20;3.23;88.50;0.00;4.89;207.20
VA04;Valladolid;2001-01-26;0800;0.60;3.47;89.70;0.58;5.20;204.00
VA04;Valladolid;2001-01-26;0900;1.00;3.72;90.90;9.79;5.62;205.70
VA04;Valladolid;2001-01-26;1000;0.60;4.21;90.90;42.12;6.16;205.50
VA04;Valladolid;2001-01-26;1100;0.40;4.77;89.00;58.60;6.62;206.60
VA04;Valladolid;2001-01-26;1200;0.40;5.48;88.30;89.70;6.73;210.50
VA04;Valladolid;2001-01-26;1300;0.00;6.65;84.90;75.90;6.84;212.50
VA04;Valladolid;2001-01-26;1400;0.00;8.44;81.70;90.50;8.31;223.60
VA04;Valladolid;2001-01-26;1500;0.00;9.49;81.20;82.50;9.95;227.70
VA04;Valladolid;2001-01-26;1600;0.20;9.78;83.80;77.40;9.44;230.50
VA04;Valladolid;2001-01-26;1700;0.00;9.91;84.50;21.06;8.64;230.40
VA04;Valladolid;2001-01-26;1800;0.20;9.71;87.30;1.56;8.68;232.70
VA04;Valladolid;2001-01-26;1900;0.40;9.78;88.40;0.00;7.93;234.30
VA04;Valladolid;2001-01-26;2000;0.40;10.04;88.60;0.00;7.68;238.80
VA04;Valladolid;2001-01-26;2100;0.40;10.10;90.50;0.00;5.70;244.80
VA04;Valladolid;2001-01-26;2200;1.40;8.78;88.20;0.00;5.23;317.20
VA04;Valladolid;2001-01-26;2300;1.00;7.67;86.10;0.00;3.05;295.70
VA04;Valladolid;2001-01-26;2400;0.00;7.21;81.40;0.00;3.91;295.90
VA05;Encinas de Esgueva;2001-01-26;0100;0.00;1.50;89.40;0.00;4.51;244.20
VA05;Encinas de Esgueva;2001-01-26;0200;0.00;1.71;89.50;0.00;4.16;243.20
VA05;Encinas de Esgueva;2001-01-26;0300;0.00;2.05;89.70;0.00;3.79;235.30
VA05;Encinas de Esgueva;2001-01-26;0400;0.00;2.41;90.00;0.00;3.87;239.90
VA05;Encinas de Esgueva;2001-01-26;0500;0.00;2.64;89.00;0.00;4.72;242.20
VA05;Encinas de Esgueva;2001-01-26;0600;0.00;2.59;87.80;0.00;4.16;234.70
VA05;Encinas de Esgueva;2001-01-26;0700;0.00;2.76;87.90;0.00;3.94;222.70
VA05;Encinas de Esgueva;2001-01-26;0800;0.80;2.69;90.30;1.50;4.53;219.00
VA05;Encinas de Esgueva;2001-01-26;0900;2.00;2.07;92.40;12.37;4.90;219.00
VA05;Encinas de Esgueva;2001-01-26;1000;1.40;3.21;90.90;36.41;6.16;224.40
VA05;Encinas de Esgueva;2001-01-26;1100;0.60;4.14;89.20;74.60;6.82;225.10
VA05;Encinas de Esgueva;2001-01-26;1200;0.80;4.91;88.50;77.50;7.05;227.00
VA05;Encinas de Esgueva;2001-01-26;1300;0.00;5.70;87.40;77.90;7.19;232.60
VA05;Encinas de Esgueva;2001-01-26;1400;0.00;6.51;86.90;102.30;7.16;230.60
VA05;Encinas de Esgueva;2001-01-26;1500;0.00;7.56;85.10;59.99;6.84;234.70
VA05;Encinas de Esgueva;2001-01-26;1600;0.40;8.22;85.60;30.41;7.23;237.90
VA05;Encinas de Esgueva;2001-01-26;1700;0.60;8.38;88.30;16.22;7.24;240.00
VA05;Encinas de Esgueva;2001-01-26;1800;0.00;8.46;90.30;0.44;6.84;242.90
VA05;Encinas de Esgueva;2001-01-26;1900;0.20;8.69;90.90;0.01;7.24;243.00
VA05;Encinas de Esgueva;2001-01-26;2000;0.40;9.19;90.00;0.00;7.77;252.40
VA05;Encinas de Esgueva;2001-01-26;2100;0.40;9.27;91.00;0.00;6.68;254.30
VA05;Encinas de Esgueva;2001-01-26;2200;2.20;8.44;88.30;0.00;3.93;310.40
VA05;Encinas de Esgueva;2001-01-26;2300;1.20;7.16;86.50;0.00;2.01;263.00
VA05;Encinas de Esgueva;2001-01-26;2400;0.00;6.25;88.80;0.01;2.51;252.20
VA06;Tordesillas;2001-01-26;0100;0.00;0.29;96.50;0.00;0.75;254.10
VA06;Tordesillas;2001-01-26;0200;0.00;1.07;96.50;0.00;1.52;246.00
VA06;Tordesillas;2001-01-26;0300;0.00;2.61;93.00;0.02;2.45;254.80
VA06;Tordesillas;2001-01-26;0400;0.00;2.90;90.80;0.01;2.33;253.50
VA06;Tordesillas;2001-01-26;0500;0.00;3.14;89.50;0.00;2.45;246.00
VA06;Tordesillas;2001-01-26;0600;0.00;3.18;90.30;0.01;3.08;228.60
VA06;Tordesillas;2001-01-26;0700;0.00;3.67;89.10;0.00;3.94;230.30
VA06;Tordesillas;2001-01-26;0800;0.40;3.74;91.60;0.77;4.05;233.50
VA06;Tordesillas;2001-01-26;0900;0.40;4.11;91.70;12.11;3.77;235.30
VA06;Tordesillas;2001-01-26;1000;0.00;4.85;89.40;62.51;4.33;229.30
VA06;Tordesillas;2001-01-26;1100;0.20;5.62;86.60;72.60;5.08;237.60
VA06;Tordesillas;2001-01-26;1200;0.00;6.65;83.70;107.00;5.03;246.10
VA06;Tordesillas;2001-01-26;1300;0.00;8.37;78.90;110.40;6.44;245.90
VA06;Tordesillas;2001-01-26;1400;0.00;10.21;75.30;232.90;7.56;251.90
VA06;Tordesillas;2001-01-26;1500;0.00;10.80;76.10;174.60;7.83;251.80
VA06;Tordesillas;2001-01-26;1600;0.00;10.85;79.00;124.50;7.70;252.40
VA06;Tordesillas;2001-01-26;1700;0.00;10.53;81.60;25.96;6.79;251.40
VA06;Tordesillas;2001-01-26;1800;0.00;10.31;84.70;1.70;6.07;252.00
VA06;Tordesillas;2001-01-26;1900;0.40;9.88;90.50;0.00;5.83;255.40
VA06;Tordesillas;2001-01-26;2000;0.40;9.90;91.80;0.00;5.16;254.00
VA06;Tordesillas;2001-01-26;2100;0.00;10.31;90.70;0.00;4.63;255.40
VA06;Tordesillas;2001-01-26;2200;3.20;9.45;90.00;0.00;3.72;301.10
VA06;Tordesillas;2001-01-26;2300;1.20;7.58;89.30;0.00;1.42;297.30
VA06;Tordesillas;2001-01-26;2400;0.00;6.45;94.40;0.00;1.45;261.50
VA07;Valbuena de Duero;2001-01-26;0100;0.00;2.16;89.90;0.00;4.03;253.90
VA07;Valbuena de Duero;2001-01-26;0200;0.00;2.51;89.60;0.00;4.06;247.70
VA07;Valbuena de Duero;2001-01-26;0300;0.00;2.85;89.30;0.00;4.04;248.30
VA07;Valbuena de Duero;2001-01-26;0400;0.00;3.22;88.60;0.00;3.80;256.90
VA07;Valbuena de Duero;2001-01-26;0500;0.00;3.13;88.50;0.00;3.51;261.30
VA07;Valbuena de Duero;2001-01-26;0600;0.00;3.18;87.40;0.00;2.48;247.60
VA07;Valbuena de Duero;2001-01-26;0700;0.20;3.41;87.30;0.00;3.20;228.90
VA07;Valbuena de Duero;2001-01-26;0800;0.80;3.37;89.70;0.71;3.93;203.70
VA07;Valbuena de Duero;2001-01-26;0900;1.20;3.40;91.60;9.16;3.83;211.40
VA07;Valbuena de Duero;2001-01-26;1000;0.80;4.13;90.90;42.22;4.29;218.70
VA07;Valbuena de Duero;2001-01-26;1100;0.80;4.86;89.90;77.40;4.63;220.70
VA07;Valbuena de Duero;2001-01-26;1200;0.80;5.68;88.80;108.00;5.33;226.40
VA07;Valbuena de Duero;2001-01-26;1300;0.20;6.32;87.50;94.80;6.15;239.50
VA07;Valbuena de Duero;2001-01-26;1400;0.00;7.07;86.30;97.10;5.96;237.20
VA07;Valbuena de Duero;2001-01-26;1500;0.00;8.40;83.50;74.80;6.69;244.20
VA07;Valbuena de Duero;2001-01-26;1600;0.60;8.75;85.80;55.10;7.34;250.90
VA07;Valbuena de Duero;2001-01-26;1700;0.60;8.86;87.70;13.93;7.33;254.40
VA07;Valbuena de Duero;2001-01-26;1800;0.40;8.83;90.60;0.86;7.15;253.80
VA07;Valbuena de Duero;2001-01-26;1900;1.40;8.78;93.00;0.00;6.29;261.90
VA07;Valbuena de Duero;2001-01-26;2000;0.40;9.53;91.10;0.00;7.40;263.00
VA07;Valbuena de Duero;2001-01-26;2100;0.80;9.50;93.30;0.00;6.07;268.80
VA07;Valbuena de Duero;2001-01-26;2200;3.80;8.88;92.20;0.00;5.62;291.40
VA07;Valbuena de Duero;2001-01-26;2300;1.00;7.67;86.50;0.00;3.68;290.80
VA07;Valbuena de Duero;2001-01-26;2400;0.00;6.84;88.00;0.00;2.97;288.50
ZA02;Villaralbo;2001-01-26;0100;;2.58;92.50;0.00;4.78;208.00
ZA02;Villaralbo;2001-01-26;0200;;3.23;90.90;0.00;4.58;201.70
ZA02;Villaralbo;2001-01-26;0300;;3.48;89.70;0.00;4.64;198.50
ZA02;Villaralbo;2001-01-26;0400;;3.54;89.70;0.00;3.99;191.00
ZA02;Villaralbo;2001-01-26;0500;;3.88;89.70;0.00;3.22;183.00
ZA02;Villaralbo;2001-01-26;0600;;4.26;89.50;0.00;3.60;181.70
ZA02;Villaralbo;2001-01-26;0700;;4.42;89.30;0.00;4.79;190.00
ZA02;Villaralbo;2001-01-26;0800;;4.43;89.70;1.27;4.82;192.70
ZA02;Villaralbo;2001-01-26;0900;;4.96;88.50;28.01;5.20;195.80
ZA02;Villaralbo;2001-01-26;1000;;5.48;87.30;82.40;6.13;196.80
ZA02;Villaralbo;2001-01-26;1100;;6.15;86.00;159.80;6.74;195.60
ZA02;Villaralbo;2001-01-26;1200;;7.89;81.60;363.40;8.07;195.50
ZA02;Villaralbo;2001-01-26;1300;;9.39;79.60;402.40;9.42;197.70
ZA02;Villaralbo;2001-01-26;1400;;9.89;81.40;394.90;9.21;197.50
ZA02;Villaralbo;2001-01-26;1500;;10.12;84.30;269.50;8.90;196.70
ZA02;Villaralbo;2001-01-26;1600;;10.26;84.90;130.70;8.60;197.50
ZA02;Villaralbo;2001-01-26;1700;;10.16;86.70;71.80;8.79;200.60
ZA02;Villaralbo;2001-01-26;1800;;10.03;88.90;3.50;8.75;203.00
ZA02;Villaralbo;2001-01-26;1900;;10.18;89.80;0.00;8.22;201.90
ZA02;Villaralbo;2001-01-26;2000;;10.31;90.70;0.00;7.23;205.30
ZA02;Villaralbo;2001-01-26;2100;;10.64;90.40;0.00;6.68;212.60
ZA02;Villaralbo;2001-01-26;2200;;9.84;90.50;0.00;4.12;262.60
ZA02;Villaralbo;2001-01-26;2300;;7.54;93.90;0.00;1.17;231.80
ZA02;Villaralbo;2001-01-26;2400;;6.88;94.20;0.00;1.15;200.20
ZA03;Toro;2001-01-26;0100;0.00;2.10;91.10;0.00;2.29;262.10
ZA03;Toro;2001-01-26;0200;0.20;3.22;88.90;0.00;3.36;238.40
ZA03;Toro;2001-01-26;0300;0.00;3.66;86.90;0.00;4.28;231.60
ZA03;Toro;2001-01-26;0400;0.00;3.76;86.00;0.00;4.20;229.60
ZA03;Toro;2001-01-26;0500;0.00;4.06;86.10;0.00;3.40;214.00
ZA03;Toro;2001-01-26;0600;0.00;4.37;86.50;0.00;3.15;213.00
ZA03;Toro;2001-01-26;0700;0.00;4.72;85.80;0.00;4.05;220.80
ZA03;Toro;2001-01-26;0800;0.20;4.68;86.80;1.07;3.93;225.20
ZA03;Toro;2001-01-26;0900;0.00;5.20;85.20;31.05;4.61;232.10
ZA03;Toro;2001-01-26;1000;0.00;5.84;84.00;94.20;5.87;231.80
ZA03;Toro;2001-01-26;1100;0.00;6.44;82.70;149.20;6.40;233.30
ZA03;Toro;2001-01-26;1200;0.00;8.01;78.30;262.90;7.23;229.90
ZA03;Toro;2001-01-26;1300;0.60;9.64;76.60;422.20;9.55;232.40
ZA03;Toro;2001-01-26;1400;0.00;10.74;75.80;519.10;9.47;232.90
ZA03;Toro;2001-01-26;1500;0.20;10.53;80.00;249.50;9.35;232.90
ZA03;Toro;2001-01-26;1600;0.40;10.70;80.90;107.00;8.53;230.80
ZA03;Toro;2001-01-26;1700;0.20;10.68;82.70;46.86;7.72;233.10
ZA03;Toro;2001-01-26;1800;0.00;10.37;86.30;1.86;6.90;238.60
ZA03;Toro;2001-01-26;1900;0.00;10.35;88.40;0.00;6.73;239.50
ZA03;Toro;2001-01-26;2000;0.20;10.48;89.50;0.00;6.29;241.60
ZA03;Toro;2001-01-26;2100;0.20;10.89;88.50;0.00;5.59;255.10
ZA03;Toro;2001-01-26;2200;0.40;9.53;90.20;0.00;3.44;307.20
ZA03;Toro;2001-01-26;2300;0.20;7.40;92.20;0.00;1.26;264.50
ZA03;Toro;2001-01-26;2400;0.00;6.86;93.20;0.00;1.51;276.90
ZA04;Villalpando;2001-01-26;0100;0.00;1.56;92.60;0.01;4.30;212.80
ZA04;Villalpando;2001-01-26;0200;0.00;2.06;92.80;0.01;3.74;210.20
ZA04;Villalpando;2001-01-26;0300;0.00;2.58;92.60;0.01;4.09;210.00
ZA04;Villalpando;2001-01-26;0400;0.00;2.81;92.50;0.01;3.97;207.90
ZA04;Villalpando;2001-01-26;0500;0.00;3.03;91.80;0.01;4.25;199.50
ZA04;Villalpando;2001-01-26;0600;0.00;3.47;90.80;0.01;4.77;193.40
ZA04;Villalpando;2001-01-26;0700;0.20;3.69;92.20;0.00;4.79;194.00
ZA04;Villalpando;2001-01-26;0800;0.20;3.91;92.00;0.27;4.99;195.10
ZA04;Villalpando;2001-01-26;0900;0.40;4.00;92.30;13.56;4.75;195.30
ZA04;Villalpando;2001-01-26;1000;0.20;4.56;90.90;37.75;5.91;199.70
ZA04;Villalpando;2001-01-26;1100;0.20;4.90;89.10;61.43;6.33;205.40
ZA04;Villalpando;2001-01-26;1200;0.00;5.82;89.00;91.40;6.45;205.90
ZA04;Villalpando;2001-01-26;1300;0.00;7.09;88.00;123.50;7.27;211.90
ZA04;Villalpando;2001-01-26;1400;0.00;8.51;86.50;197.80;8.71;210.90
ZA04;Villalpando;2001-01-26;1500;0.20;8.86;88.20;105.60;7.91;212.50
ZA04;Villalpando;2001-01-26;1600;0.00;9.44;88.90;112.70;8.03;209.90
ZA04;Villalpando;2001-01-26;1700;0.00;9.46;90.80;35.54;7.22;210.30
ZA04;Villalpando;2001-01-26;1800;0.60;9.50;92.30;1.62;6.48;211.60
ZA04;Villalpando;2001-01-26;1900;0.20;9.63;92.10;0.00;6.66;213.30
ZA04;Villalpando;2001-01-26;2000;0.80;9.60;93.10;0.01;5.72;216.20
ZA04;Villalpando;2001-01-26;2100;3.60;8.85;91.70;0.00;4.66;274.40
ZA04;Villalpando;2001-01-26;2200;0.80;7.12;89.20;0.00;2.51;300.20
ZA04;Villalpando;2001-01-26;2300;0.00;6.66;88.70;0.00;2.16;262.30
ZA04;Villalpando;2001-01-26;2400;0.00;6.24;84.10;0.00;2.70;254.90
ZA05;Pozuelo de Tábara;2001-01-26;0100;0.00;2.19;91.50;0.00;5.27;234.10
ZA05;Pozuelo de Tábara;2001-01-26;0200;0.20;2.76;91.50;0.00;4.69;230.20
ZA05;Pozuelo de Tábara;2001-01-26;0300;0.40;3.06;90.50;0.00;5.31;234.50
ZA05;Pozuelo de Tábara;2001-01-26;0400;0.00;3.00;91.00;0.00;4.31;221.50
ZA05;Pozuelo de Tábara;2001-01-26;0500;0.00;3.35;91.40;0.00;3.84;222.40
ZA05;Pozuelo de Tábara;2001-01-26;0600;0.40;3.76;91.00;0.00;4.42;230.30
ZA05;Pozuelo de Tábara;2001-01-26;0700;0.80;4.13;90.40;0.00;4.67;238.90
ZA05;Pozuelo de Tábara;2001-01-26;0800;1.20;4.15;89.70;0.39;4.45;236.90
ZA05;Pozuelo de Tábara;2001-01-26;0900;0.80;4.39;89.10;21.81;5.64;233.50
ZA05;Pozuelo de Tábara;2001-01-26;1000;0.60;4.76;88.40;61.91;6.44;234.60
ZA05;Pozuelo de Tábara;2001-01-26;1100;0.40;5.31;89.00;113.10;7.04;232.70
ZA05;Pozuelo de Tábara;2001-01-26;1200;0.20;6.15;89.60;145.50;6.94;237.00
ZA05;Pozuelo de Tábara;2001-01-26;1300;0.40;7.19;89.70;198.60;7.61;236.20
ZA05;Pozuelo de Tábara;2001-01-26;1400;0.00;8.22;89.40;144.10;7.79;237.00
ZA05;Pozuelo de Tábara;2001-01-26;1500;0.40;9.04;89.50;151.50;8.60;244.20
ZA05;Pozuelo de Tábara;2001-01-26;1600;0.20;9.38;90.10;88.40;7.60;245.70
ZA05;Pozuelo de Tábara;2001-01-26;1700;0.40;9.79;90.20;33.64;6.86;249.10
ZA05;Pozuelo de Tábara;2001-01-26;1800;1.60;9.91;90.50;3.24;7.11;247.90
ZA05;Pozuelo de Tábara;2001-01-26;1900;0.80;10.01;90.70;0.00;6.55;247.90
ZA05;Pozuelo de Tábara;2001-01-26;2000;0.20;10.18;90.30;0.00;6.23;252.70
ZA05;Pozuelo de Tábara;2001-01-26;2100;4.80;9.83;90.70;0.00;4.44;289.30
ZA05;Pozuelo de Tábara;2001-01-26;2200;1.00;7.58;91.20;0.00;1.84;337.20
ZA05;Pozuelo de Tábara;2001-01-26;2300;0.20;6.55;90.50;0.00;1.51;291.00
ZA05;Pozuelo de Tábara;2001-01-26;2400;0.00;5.30;90.60;0.00;1.41;289.30
